latitude,longitude,altitude,geometry,coordinates,@id,addr:city,addr:city:en,addr:country,addr:postcode,addr:street,amenity,building,building:levels,name,office,addr:housenumber,contact:phone,cuisine,designation,email,internet_access,name:en,operator,phone,website,wheelchair,addr:housename,alt_name,int_name,addr:street:en,layer,outdoor_seating,smoking,payment:american_express,payment:coins,payment:diners_club,payment:maestro,payment:mastercard,payment:notes,payment:visa,fax,takeaway,roof:shape,tourism,name:nl,name:tr,shop,delivery,capacity,is_in,old_name,name:mk,leisure,microbrewery,nam:en,wheelchair:description,level,sells:ice_cream,opening_hours:covid19,internet_access:fee,payment:visa_electron,description,addr:housename:en,payment:debit_cards,kitchen,air_conditioning,image,reservation,start_date,diet:vegan,phone:1,phone:2,payment:cash,payment:credit_cards,diet:sugar_free,diet:vegetarian,changing_table,changing_table:fee,toilets,toilets:access,toilets:wheelchair,entrance,opening_hours
,,,Polygon,"21.4190018,41.9922233,21.419025,41.9923634,21.41926,41.9923419,21.4192836,41.992484,21.4188602,41.9925227,21.4188135,41.9922405,21.4190018,41.9922233",way/32674255,Cкoпje,Skopje,MK,1000,Васил Ѓоргов,restaurant,office,1,Конструкта,insurance,,,,,,,,,,,,,,,,,,,,,,,,,,,,,,,,,,,,,,,,,,,,,,,,,,,,,,,,,,,,,,,,,,,,
,,,Polygon,"21.4020038,41.9962057,21.4018717,41.9960959,21.4023532,41.995806,21.4024979,41.99594,21.4020038,41.9962057",way/32674402,Cкoпje,Skopje,MK,1000,Митрополит Теодосиј Гологанов,restaurant,yes,,Македонска куќа,,63,+389 2 329 6415,burger;regional;ice_cream;grill;crepe;coffee_shop;balkan;pancake;chicken;diner;fish;breakfast;tea;sausage;local;fine_dining;kebab;barbecue,National restaurant,contact@makedonskakuka.com,wlan,Macedonian House Restaurant,Kiro Ilijeski -Kambero,+389 2 329 6415,http://www.makedonskakuka.com,,,,,,,,,,,,,,,,,,,,,,,,,,,,,,,,,,,,,,,,,,,,,,,,,,,,,,,,,,Mo-Su 08:00-00:00
,,,Polygon,"21.4234118,41.9953699,21.4234452,41.9952188,21.4240658,41.9952947,21.4240324,41.9954458,21.4234118,41.9953699",way/121390892,Cкoпje,Skopje,MK,1000,Митрополит Теодосиј Гологанов,restaurant,yes,,Ресторан 2 Златника,insurance,28,,,,,,,,,,limited,,,,,,,,,,,,,,,,,,,,,,,,,,,,,,,,,,,,,,,,,,,,,,,,,,,,,,,,,
,,,Polygon,"21.4226694,41.9974288,21.4225373,41.9973872,21.4225327,41.9972628,21.4226709,41.99725,21.4227885,41.9973257,21.4226694,41.9974288",way/121511379,Cкoпje,Skopje,MK,1000,Дебарца,restaurant,yes,,Керпич,,21,,,,,,,,,,,,,,,,,,,,,,,,,,,,,,,,,,,,,,,,,,,,,,,,,,,,,,,,,,,,,,,,,,,
,,,Polygon,"21.4220069,41.9962498,21.4220195,41.9961443,21.4221801,41.9961549,21.4221676,41.9962603,21.4220069,41.9962498",way/121511400,Cкoпje,Skopje,MK,1000,Киро Крстевски Платник,restaurant,yes,,Дане,,2,,regional,,,,Dane,,,,,Дане,Дане,Dane,,,,,,,,,,,,,,,,,,,,,,,,,,,,,,,,,,,,,,,,,,,,,,,,,,,,,,
,,,Polygon,"21.4221287,41.9951717,21.4221538,41.9950446,21.4222794,41.9950583,21.4222544,41.9951854,21.4221287,41.9951717",way/121511815,Cкoпje,Skopje,MK,1000,Митрополит Теодосиј Гологанов,restaurant,yes,,Ка,,32b,,grill;local,,,wlan,,,+38923214350,,,,,,,,,,,,,,,,,,,,,,,,,,,,,,,,,,,,,,,,,,,,,,,,,,,,,,,,,,,
,,,Polygon,"21.4181553,41.995565,21.4182558,41.9953541,21.4184154,41.9954035,21.4183242,41.9956069,21.4181553,41.995565",way/121511817,Cкoпje,Skopje,MK,1000,,restaurant,yes,,Ѓезме,,,,regional,,,,,,,,,,,,,,,,,,,,,,,,,,,,,,,,,,,,,,,,,,,,,,,,,,,,,,,,,,,,,,,,,
,,,Polygon,"21.4229605,41.9990612,21.4228854,41.9990057,21.4229703,41.9989335,21.4230666,41.9989973,21.4229605,41.9990612",way/122862785,Cкoпje,Skopje,MK,1000,Аминта Трети,restaurant,yes,,Мечос,,,,pizza,,,,,,,,,,,,Aminta Treti,,,,,,,,,,,,,,,,,,,,,,,,,,,,,,,,,,,,,,,,,,,,,,,,,,,,,
,,,Polygon,"21.3745485,41.9772513,21.3743389,41.9772529,21.3742398,41.9771433,21.374189,41.9771645,21.3740621,41.9770083,21.3741008,41.9769896,21.3739354,41.9768067,21.3740949,41.9767452,21.3741699,41.9768381,21.3741295,41.9768581,21.3742083,41.976976,21.3743853,41.9771612,21.3744551,41.9771648,21.3746672,41.977059,21.3747443,41.9771503,21.3745485,41.9772513",way/123273654,Cкoпje,Skopje,MK,1000,,restaurant,yes,,Св.Пантелејмон - Клет,,,,regional,,,,St. Pantlejmon - Klet,,,,,,,Sv. Pantelejmon - Klet,,1,,,,,,,,,,,,,,,,,,,,,,,,,,,,,,,,,,,,,,,,,,,,,,,,,,,,
,,,Polygon,"21.4621012,42.0031572,21.4621726,42.002936,21.4623737,42.0029718,21.4623023,42.003193,21.4621012,42.0031572",way/175441983,Cкoпje,Skopje,MK,1000,Трифун Хаџијанев,restaurant,yes,,Боними,,8,,,,,,,,,,,,,,,,,,,,,,,,,,,,,,,,,,,,,,,,,,,,,,,,,,,,,,,,,,,,,,,,,,,
,,,Polygon,"21.45981,41.9980491,21.4598183,41.9978812,21.4597742,41.99788,21.4597777,41.9978096,21.460026,41.9978164,21.4600231,41.9978765,21.4599782,41.9978753,21.4599694,41.9980535,21.45981,41.9980491",way/175463419,Cкoпje,Skopje,MK,1000,,restaurant,yes,,Дојрана,,,,,,,,,,,,,,,,,,,,,,,,,,,,,,,,,,,,,,,,,,,,,,,,,,,,,,,,,,,,,,,,,,,,,
,,,Polygon,"21.4252373,41.9990018,21.4254625,41.9988748,21.4256593,41.9990674,21.4255137,41.9991496,21.4254909,41.9991273,21.4254274,41.9991631,21.4253886,41.9991252,21.4254416,41.9990953,21.4253723,41.9990275,21.4253032,41.9990664,21.4252373,41.9990018",way/176133887,Cкoпje,Skopje,MK,1000,,restaurant,yes,,,,,,,,,,,,,,,,,,,,,,,,,,,,,,,,,,,,,,,,,,,,,,,,,,,,,,,,,,,,,,,,,,,,,,,
,,,Polygon,"21.423802,41.9996257,21.4239225,41.9995543,21.4241357,41.9997532,21.4240152,41.9998245,21.423802,41.9996257",way/176147491,Cкoпje,Skopje,MK,1000,Аминта Трети,restaurant,apartments,,Sushi Ко,,29,,chinese;thai;japanese;sushi,,,,Sushico,,+389 2 3217874,http://www.sushico.mk,,,,,Leninova,1,yes,separated,,,,,,,,,,,,,,,,,,,,,,,,,,,,,,,,,,,,,,,,,,,,,,,,,,Su-Th 12:00-23:00; Fr-Sa 10:00-00:00
,,,Polygon,"21.4105926,42.0061249,21.4105391,42.0059212,21.4107236,42.0058944,21.4107525,42.0060038,21.4109047,42.0059816,21.4109299,42.0060759,21.4105926,42.0061249",way/176154876,Cкoпje,Skopje,MK,1000,Никола Тесла,restaurant,commercial,,Лира,,11,,regional,,gostilnica_lira@t-home.mk,wlan,Lyre,,+389 2 3061726,http://www.lyra.com.mk/,,,,Lira,Nikola Tesla,,yes,separated,yes,yes,yes,yes,yes,yes,yes,,,,,,,,,,,,,,,,,,,,,,,,,,,,,,,,,,,,,,,,,,,"09:00-24:00, Fr-Sa 09:00-01:00"
,,,Polygon,"21.4382846,41.9969391,21.4383675,41.9966936,21.4385862,41.9967344,21.4385033,41.9969799,21.4382846,41.9969391",way/176159879,Cкoпje,Skopje,MK,1000,Пајко Маало,restaurant,yes,,Стара куќа,,14,,regional,,,,Old House Restaurant,,+389 2 3131376,http://starakuka.com.mk/,yes,,,Restoran Stara Kuka,,,yes,separated,,,,,,,,+389 2 3119668,,,,,,,,,,,,,,,,,,,,,,,,,,,,,,,,,,,,,,,,,,
,,,Polygon,"21.4094559,42.00968,21.4094555,42.0095599,21.409673,42.0095594,21.4097266,42.0095593,21.4098716,42.009559,21.4098714,42.009521,21.4099925,42.0095208,21.4099932,42.0096931,21.4098531,42.0096934,21.4098536,42.0098097,21.4096635,42.0098101,21.4096631,42.0097011,21.4096275,42.0097012,21.4096274,42.0096796,21.4094559,42.00968",way/176328169,Cкoпje,Skopje,MK,1000,,restaurant,commercial,,Балканика,,,,regional,,,,,,,,,,,Balkanika,,,,separated,,,,,,,,,,,,,,,,,,,,,,,,,,,,,,,,,,,,,,,,,,,,,,,,,,
,,,Polygon,"21.4220261,42.0062388,21.4218801,42.006091,21.4219936,42.0060292,21.4221396,42.006177,21.4220261,42.0062388",way/176331794,Cкoпje,Skopje,MK,1000,,restaurant,yes,,Уранија,,,,,,,,,,,,,,,Uranija,,,,,,,,,,,,,,,,,,,,,,,,,,,,,,,,,,,,,,,,,,,,,,,,,,,,,,
,,,Polygon,"21.4271856,41.9957589,21.4271741,41.9956796,21.4273166,41.9956682,21.427328,41.9957475,21.4271856,41.9957589",way/176448667,Cкoпje,Skopje,MK,1000,,restaurant,yes,,Ѕвезден Океан,,,,chinese,,,,Star Ocean,,,,,,,,,,,,,,,,,,,,,,,,,,,,,,,,,,,,,,,,,,,,,,,,,,,,,,,,,,,,,
,,,Polygon,"21.4137534,42.0081629,21.4137189,42.0081185,21.4140051,42.007986,21.4140976,42.0081046,21.4142001,42.0080639,21.4143702,42.0083134,21.4142343,42.0083552,21.4141244,42.0083535,21.4139687,42.0083303,21.4137721,42.0082823,21.413727,42.0082362,21.4137534,42.0081629",way/177045374,Cкoпje,Skopje,MK,1000,Булевар Илинден,restaurant,,,Ресторан Маргер,,,,regional,,,,,,+389 78 685 086;+389 23 067 428,http://www.marger.com.mk,,,,,,,,,,,,yes,yes,,yes,,,,,,,,,,,,,,,,,,,,,,,,,,,,,,,,,,,,,,,,,,,"08:00-24:00, Fr-Sa 08:00-01:00"
,,,Polygon,"21.409757,42.0853527,21.4096121,42.085062,21.4095891,42.0849446,21.4096121,42.0848709,21.4100611,42.0848052,21.4102344,42.0852093,21.409757,42.0853527",way/183590615,,,,,,restaurant,,,Национален Ресторан Чардак,,,,macedonian,,,,National Restaurant Chardak,,,,,,,Nacionalen Restoran Čardak,,,,,,,,,,,,,,,,,,,,,,,,,,,,,,,,,,,,,,,,,,,,,,,,,,,,,,
,,,Polygon,"21.4098534,42.0866127,21.4104912,42.0861081,21.4106449,42.0860424,21.4109961,42.0859737,21.4114183,42.0858961,21.4115219,42.0858861,21.4115617,42.0860382,21.4116345,42.0863161,21.4114364,42.0866715,21.4110853,42.0865555,21.4107184,42.0863483,21.4101319,42.0867721,21.4098534,42.0866127",way/183593157,,,,,,restaurant,,,Вила Весница,,,,macedonian,,,,Vila Vesnica,,,,,,,Vila Vesnica,,,,,,,,,,,,,,,,,,,,,,,,,,,,,,,,,,,,,,,,,,,,,,,,,,,,,,
,,,Polygon,"21.4280676,41.9965143,21.428047,41.9964534,21.4280237,41.9964577,21.4279895,41.9963567,21.4281268,41.9963311,21.4281815,41.996493,21.4280676,41.9965143",way/189975234,Cкoпje,Skopje,MK,1000,,restaurant,yes,,,,,,,,,,Cafe Gorki,,,,,,,,,,,,,,,,,,,,,,,,,,,,,,,,,,,,,,,,,,,,,,,,,,,,,,,,,,,,,
,,,Polygon,"21.4465442,41.9892968,21.4464958,41.9892457,21.4467156,41.9891306,21.446764,41.9891817,21.4465442,41.9892968",way/236539239,Cкoпje,Skopje,MK,1000,,restaurant,yes,,Рулет,,,,,,,,,,,,,,,,,,,,,,,,,,,,,,,,,,,,,,,,,,,,,,,,,,,,,,,,,,,,,,,,,,,,,
,,,Polygon,"21.426047,42.0015902,21.4259955,42.0016166,21.4259656,42.0015845,21.4259879,42.001573,21.4260987,42.0015163,21.4261793,42.0016032,21.4260978,42.0016449,21.426047,42.0015902",way/248508284,Cкoпje,Skopje,MK,1000,,restaurant,yes,,Sopotsko,,,,,,,,,,,,,,,,,,,,,,,,,,,,,,,,,,,,,,,,,,,,,,,,,,,,,,,,,,,,,,,,,,,,,
,,,Polygon,"21.575133,41.9944029,21.575133,41.9942124,21.5753138,41.9942124,21.5753138,41.9944029,21.575133,41.9944029",way/263871750,,,,,,restaurant,yes,,Doma,,,,,,,,,,,,,,,,,,,,,,,,,,,,,,,,,,,,,,,,,,,,,,,,,,,,,,,,,,,,,,,,,,,,,
,,,Polygon,"21.4373419,41.9931566,21.437324,41.9931039,21.4374587,41.9930786,21.4374766,41.9931313,21.4373419,41.9931566",way/279392654,Cкoпje,Skopje,MK,1000,,restaurant,yes,,Kуќа,,,,regional,,,,,,,,,,,,,,,,,,,,,,,,,,,,,,,,,,,,,,,,,,,,,,,,,,,,,,,,,,,,,,,,,
,,,Polygon,"21.4413794,41.9945243,21.4414052,41.9943789,21.4415907,41.9943971,21.4415735,41.9944944,21.4415649,41.9945425,21.4413794,41.9945243",way/305533452,Cкoпje,Skopje,MK,1000,Кеј 13 Ноември,restaurant,yes,,Ресторан Кej,,36,,,,,,Restoran Kej,,,,,,,,,,,,,,,,,,,,,,,,,,,,,,,,,,,,,,,,,,,,,,,,,,,,,,,,,,,,,
,,,Polygon,"21.4144957,42.0000105,21.4146125,41.9999935,21.414643,42.0001094,21.4145262,42.0001265,21.4144957,42.0000105",way/305647156,Cкoпje,Skopje,MK,1000,Горан Стефановски,restaurant,yes,,Бравос,,4,,regional;pizza,,,,,,,,,,,,,,,,,,,,,,,,,,,,,,,,,,,,,,,,,,,,,,,,,,,,,,,,,,,,,,,,,
,,,Polygon,"21.4294738,41.9892188,21.429442,41.9891793,21.4297853,41.9890215,21.42981,41.989061,21.4294738,41.9892188",way/332382509,Cкoпje,Skopje,MK,1000,,restaurant,yes,,Od Nas Za Vas,,,,regional,,,,,,,,,,,,,,,,,,,,,,,,yes,,,,,,,,,,,,,,,,,,,,,,,,,,,,,,,,,,,,,,,,,
,,,Polygon,"21.3925268,42.0017442,21.3924203,42.0017564,21.3924181,42.0017456,21.3923655,42.0017517,21.3923474,42.0016649,21.3925065,42.0016466,21.3925268,42.0017442",way/344078719,Cкoпje,Skopje,MK,1000,Варшавска,restaurant,commercial,2,Скара Бар,,70,,regional,,info@skarabar.mk,,,,+389 75 727110,http://skarabar.mk/,yes,,,Skara Bar,,,yes,separated,,,,,,,,,,hipped,,,,,,,,,,,,,,,,,,,,,,,,,,,,,,,,,,,,,,,,08:00-24:00
,,,Polygon,"21.4130599,41.9947479,21.4132028,41.994726,21.4132662,41.9949548,21.4131232,41.9949767,21.4131064,41.994916,21.4130599,41.9947479",way/357827837,Cкoпje,Skopje,MK,1000,,restaurant,yes,,Воденица,,,,italian,,,,Vodenica Mulino,,,www.vodenicamulino.com.mk,,,,,,,,,,,,,,,,,,,,,,,,,,,,,,,,,,,,,,,,,,,,,,,,,,,,,,,,,,
,,,Polygon,"21.4130298,41.9949277,21.4130363,41.9949513,21.4129192,41.9949692,21.4129015,41.9947172,21.4130453,41.9946952,21.4130599,41.9947479,21.4131064,41.994916,21.4130298,41.9949277",way/357827839,Cкoпje,Skopje,MK,1000,Митрополит Теодосиј Гологанов,restaurant,yes,,Дукат,,79,,regional,,gostilnicadukat@gmail.com,,Gostilnica Dukat,,+389 2 3211011,,,,,,Mitroplit Teodosij Gologanov,,yes,separated,,yes,yes,yes,yes,yes,yes,,,,,,,,,,,,,,,,,,,,,,,,,,,,,,,,,,,,,,,,,,,"Mo-Fr 08:00-24:00; Sa,Su 00:00-01:00,08:00-24:00"
,,,Polygon,"21.3917968,42.0019216,21.3917728,42.0018049,21.3919375,42.0017862,21.3919615,42.0019029,21.3917968,42.0019216",way/358611648,Cкoпje,Skopje,MK,1000,Лондонска,restaurant,yes,1,Ресторан 14,,,,regional,,,,Restaurant 14,,+389 2 3076411,http://www.restoran14.com.mk/,,,,,,,,outside,,,,,,,,,,,,,,,,,,,,,,,,,,,,,,,,,,,,,,,,,,,,,,,,,,
,,,Polygon,"21.4060452,42.0139138,21.4057899,42.0139252,21.4057663,42.0136349,21.4060216,42.0136234,21.4060452,42.0139138",way/360117574,Cкoпje,Skopje,MK,1000,,restaurant,commercial,,Ден и Ноќ,,,,regional,,,,Day and Night,,,http://www.replek.com.mk/DeniNok/zaNas.htm,,,,Den i Nok,,,,,,,,,,,,,,,,,,,,,,,,,,,,,,,,,,,,,,,,,,,,,,,,,,,,,,
,,,Polygon,"21.4197218,41.9867688,21.4198171,41.9867469,21.4198126,41.9867362,21.4199486,41.986705,21.4199785,41.986777,21.4198479,41.986807,21.4198605,41.9868374,21.4197599,41.9868605,21.4197218,41.9867688",way/361977245,Cкoпje,Skopje,MK,1000,Партенија Зографски,restaurant,yes,,Корнер / Баба Цана,,34,,regional,,,,Korner / Baba Cana,,+38923126390;+38970386589,,,,,,,,,,,,,,,,,,,,,,,,,,,,,,,,,,,,,,,,,,,,,,,,,,,,,,,,,,,08:00 - 00:00
,,,Polygon,"21.4198035,42.0011296,21.419697,42.0010269,21.4198196,42.0009567,21.419926,42.0010594,21.4198035,42.0011296",way/363752338,Cкoпje,,MK,1000,Дебарца,restaurant,yes,,Skopski Merak,,51,,regional,,,,,,,http://www.skopskimerak.mk/,,,,,,,yes,separated,,,,,,,,,,,,,,,,,,,,,,,,,,,,,,,,,,,,,,,,,,,,,,,,,,"Mo-Su 00:00-01:00,08:00-24:00"
,,,Polygon,"21.3905221,42.0440872,21.3904625,42.0439692,21.3906635,42.0439132,21.3907231,42.0440312,21.3905221,42.0440872",way/365998801,,,,,,restaurant,yes,,Aktiva,,,,,,,,,,,,,,,,,,,,,,,,,,,,,,,,,,,,,,,,,,,,,,,,,,,,,,,,,,,,,,,,,,,,,
,,,Polygon,"21.4258875,42.0037336,21.4255207,42.0033765,21.4257373,42.0032584,21.4261086,42.0036092,21.4258875,42.0037336",way/379884574,,,,,Јордан Хаџиконстантинов Џинот,restaurant,yes,,Томче Софка,,14,,,,,,Tomche Sofka,,,http://hotelimakedonija.com.mk/mk/Hotel/62/Hotel-Tomce-Sofka-Skopje,,,,,,,,,,,,,,,,,,,hotel,,,,,,,,,,,,,,,,,,,,,,,,,,,,,,,,,,,,,,,
,,,Polygon,"21.4403034,41.9900801,21.4401899,41.9899792,21.4403123,41.9899031,21.4404259,41.9900041,21.4403034,41.9900801",way/379896010,,,,,,restaurant,yes,,Калабалак,,,,,,,,,,,,,,,,,,,,,,,,,,,,,,,,,,,,,,,,,,,,,,,,,,,,,,,,,,,,,,,,,,,,,
,,,Polygon,"21.4258958,41.9900338,21.4257641,41.9898791,21.4260203,41.9897585,21.4261521,41.9899133,21.4258958,41.9900338",way/388871332,Cкoпje,Skopje,MK,1000,50-та дивизија,restaurant,yes,,Јавна Соба,,22,,regional,,contact@publicroom.org,,Public Room,,+389 2 6092650,http://publicroom.org/contact.html,,,,,50 Divizija,,,no,,,,,,,,,,,,Open Huis,Public Room,art,,,,,,,,,,,,,,,,,,,,,,,,,,,,,,,,,,,,08:00-24:00
,,,Polygon,"21.5872068,41.9826589,21.5874736,41.9823557,21.5877167,41.9824739,21.5874499,41.9827771,21.5872068,41.9826589",way/389881384,,,,,,restaurant,yes,,Rozenberg,,,,regional,,,,,,,,,,,,,,,,,,,,,,,,,,,,,,,,,,,,,,,,,,,,,,,,,,,,,,,,,,,,,,,,,
,,,Polygon,"21.428733,42.0489143,21.4285056,42.0488876,21.4285619,42.0486228,21.4285635,42.0486154,21.4287909,42.048642,21.428733,42.0489143",way/390108507,,,,,,restaurant,commercial,,Imperial,,,,local,,,,,,,,,,,,,,,,,,,,,,,,,,,,,,,,,,,,,,,,,,,,,,,,,,,,,,,,,,,,,,,,,
,,,Polygon,"21.4014006,42.0014841,21.4013393,42.0012367,21.4014503,42.0012215,21.4015116,42.0014689,21.4014006,42.0014841",way/409026453,Cкoпje,Skopje,MK,1000,Париска,restaurant,yes,,Restoran Olive,,,,regional,,info@olive.mk,,,,+389 (0)2 3 06 66 23,https://www.facebook.com/olive.skopje/,yes,,,,Pariska,,yes,outside,,,,,,,,,,,,,,,,,,,,,,,,,,,,,,,,,,,,,,,,,,,,,,,,,,Mo-Sa 09:00-24:00
,,,Polygon,"21.3946164,42.0399529,21.3947237,42.0397337,21.3951206,42.0398134,21.3949114,42.0400206,21.3946164,42.0399529",way/415864951,,,,,,restaurant,,,,,,,,,,,,,,,,,,,,,,,,,,,,,,,,,,,,,,,,,,,,,,,,,,,,,,,,,,,,,,,,,,,,,,,,
,,,Polygon,"21.4393091,41.9895548,21.4392256,41.9896051,21.4392,41.9896205,21.4390791,41.9895097,21.4391882,41.989444,21.4393091,41.9895548",way/445237139,,,,,,restaurant,yes,,Ла Тана,,,,,,,,,,,,,,,,,,,,,,,,,,,,,,,,,,,,,,,,,,,,,,,,,,,,,,,,,,,,,,,,,,,,,
,,,Polygon,"21.4395182,41.9897115,21.4393952,41.9897856,21.4393406,41.9897355,21.4393779,41.989713,21.4394636,41.9896614,21.4395182,41.9897115",way/445237140,,,,,,restaurant,yes,,Амиго,,,,,,,,,,,,,,,,,,,,,,,,,,,,,,,,,,,,,,,,,,,,,,,,,,,,,,,,,,,,,,,,,,,,,
,,,Polygon,"21.4393779,41.989713,21.4393206,41.9896604,21.4392997,41.989673,21.4392651,41.9896413,21.4393717,41.9895771,21.4394636,41.9896614,21.4393779,41.989713",way/445237144,,,,,,restaurant,yes,,Кај Злате,,,,regional,,,,,,,,,,,,,,,,,,,,,,,,,,,,,,,,,,,,,,,,,,,,,,,,,,,,,,,,,,,,,,,,,
,,,Polygon,"21.4380534,42.001077,21.4380982,42.0011503,21.4378789,42.0012244,21.437834,42.001151,21.4380534,42.001077",way/445837935,,,,,,restaurant,yes,,Галерија 7,,,,turkish,,,,,,,,,,Galerija 7,Galerry 7,,,,,,,,,,,,,,,,,,,,,,,,,,,,,,,,,,,,,,,,,,,,,,,,,,,,,,
,,,Polygon,"21.5905509,41.9908873,21.5906175,41.9907718,21.5909801,41.9908873,21.5909135,41.9910028,21.5905509,41.9908873",way/447904291,,,,,,restaurant,yes,,Black Pearl,,,,regional,,,,,,,,,,,,,,yes,outside,,,,,,,,,no,,,,,,,,,,,,,,,,,,,,,,,,,,,,,,,,,,,,,,,,,
,,,Polygon,"21.4458789,42.0115576,21.4457689,42.0113783,21.4459218,42.0113444,21.4460023,42.0114978,21.4458789,42.0115576",way/467607832,,,,,Сараевска,restaurant,yes,,Erdi,,,,,,,,,,,,,,,,,,,,,,,,,,,,,,,,,,,,,,,,,,,,,,,,,,,,,,,,,,,,,,,,,,,,,
,,,Polygon,"21.4464811,42.0112168,21.4465937,42.0110514,21.4467037,42.0110654,21.4466648,42.0112617,21.4464811,42.0112168",way/467607833,,,,,Сараевска,restaurant,yes,,Vesa,,,,,,,,,,,,,,,,,,,,,,,,,,,,,,,,,,,,,,,,,,,,,,,,,,,,,,,,,,,,,,,,,,,,,
,,,Polygon,"21.4452486,42.0118222,21.4451159,42.0117495,21.4452473,42.0116478,21.4453801,42.0117246,21.4452486,42.0118222",way/467607834,,,,,Сараевска,restaurant,hotel,,Alba,,,,,,,,,,,,,,,,,,,,,,,,,,,,,,,,,,,,,,,,,,,,,,,,,,,,,,,,,,,,,,,,,,,,,
,,,Polygon,"21.4453807,42.0116633,21.4454129,42.0115885,21.4455229,42.0116144,21.4454893,42.0116822,21.4453807,42.0116633",way/467607835,,,,,Сараевска,restaurant,yes,,,,,,,,,,,,,,,,,,,,,,,,,,,,,,,,,,,,,,,,,,,,,,,,,,,,,,,,,,,,,,,,,,,,,,,
,,,Polygon,"21.4352835,42.0082512,21.4352728,42.0081715,21.4354498,42.0081596,21.4354498,42.0082552,21.4352835,42.0082512",way/471096720,,,,,,restaurant,yes,,Dielli,,,,,,,,,,,,,,,,,,,,,,,,,,,,,,,,,,,,,,,,,,,,,,,,,,,,,,,,,,,,,,,,,,,,,
,,,Polygon,"21.4357864,42.0120289,21.4357971,42.0119412,21.4359634,42.0119292,21.4359634,42.0120448,21.4357864,42.0120289",way/471105231,,,,,Пере Тошев,restaurant,yes,,Golden Mili,,,,,,,,,,,,,,,,,,,,,,,,,,,,,,,,,,,,,,,,,,,,,,,,,,,,,,,,,,,,,,,,,,,,,
,,,Polygon,"21.4286975,42.001337,21.4288264,42.00138,21.4288066,42.0014129,21.4287588,42.001397,21.4287342,42.0014378,21.428653,42.0014108,21.4286975,42.001337",way/474873952,,,,,,restaurant,yes,,Кај Жабарот,,,,,,,,,,,,,,Жабарот,,,,,,,,,,,,,,,,,,,,,,,,,,,,,,,,,,,,,,,,,,,,,,,,,,,,,,,
,,,Polygon,"21.479167,42.0033885,21.4790807,42.0033573,21.4791075,42.0033164,21.4791938,42.0033477,21.479167,42.0033885",way/476186155,,,,,,restaurant,yes,,Гостилница Мерак,,,,regional,,,,,,,,,,,,,,,,,,,,,,,,no,,,,,,no,,,,,,,,,,,,,,,,,,,,,,,,,,,,,,,,,,,
,,,Polygon,"21.4220295,42.0024104,21.4219665,42.0023474,21.4221601,42.0022405,21.4222231,42.0023035,21.4220295,42.0024104",way/477026719,,,,,,restaurant,,,Читална,,,,regional,,,,Chitalna,,,,,,,,,,,outside,,,,,,,,,,,,,,,no,30,,,,,,,,,,,,,,,,,,,,,,,,,,,,,,,,,,
,,,Polygon,"21.4221597,42.0021193,21.4220761,42.0020304,21.4221979,42.001967,21.4222816,42.0020559,21.4221597,42.0021193",way/477026724,,,,,,restaurant,,,Чардак,,,,regional,,,,Chardak,,,,,,,Cardak,,,yes,,,,,,,,,,,,,,,,,,,,,,,,,,,,,,,,,,,,,,,,,,,,,,,,,,,
,,,Polygon,"21.4204319,42.0009268,21.4203368,42.0010112,21.4201615,42.0009111,21.4202503,42.0008254,21.4204319,42.0009268",way/477325813,,,,,,restaurant,yes,,Наша софра,,,,,,,,Nasha Sofra,,,,,,,Naša Sofra,,,,,,,,,,,,,,,,,,,,,Скопје,стоби,,,,,,,,,,,,,,,,,,,,,,,,,,,,,,,,
,,,Polygon,"21.4203688,42.0015986,21.4205376,42.0015138,21.4205993,42.0015815,21.4204305,42.0016664,21.4203688,42.0015986",way/477325815,,,,,,restaurant,yes,,Дебар Маало,,,,,,,,,,,,,,,,,,,,,,,,,,,,,,,,,,,,,,,,,,,,,,,,,,,,,,,,,,,,,,,,,,,,,
,,,Polygon,"21.4208159,42.0012623,21.4209043,42.0011463,21.4210507,42.0012113,21.4210149,42.0012456,21.4210737,42.0012838,21.4210035,42.0013505,21.4208159,42.0012623",way/477325816,Cкoпje,Skopje,MK,1000,Отон Жупанчич,restaurant,yes,,Гурмет,,3,,regional,,gurmet@restorani.com.mk,,,,,,,,,Gurmet,,,,,,,,yes,yes,,yes,,,,,,,,,,,,,,,,,,,,,,,,,,,,,,,,,,,,,,,,,,,""
,,,Polygon,"21.4214055,42.0014746,21.4214089,42.0013413,21.4215365,42.0013431,21.421533,42.0014764,21.4214055,42.0014746",way/477325818,Cкoпje,,,1000,Мирослав Крлежа,restaurant,yes,,Наџак,,87,,,,,,,,,,,,,,,,,,,,,,,,,,,,,,,,,,,,,,,,,,,,,,,,,,,,,,,,,,,,,,,,,,,
,,,Polygon,"21.4223451,42.0017133,21.4221365,42.0017068,21.4221432,42.0015872,21.4223518,42.0015937,21.4223451,42.0017133",way/477325825,,,,,,restaurant,yes,,Kancelarija,,,,,,,,,,,,,,Канцеларија,Kancelarija,,,,,,,,,,,,,,,,,,,,,,,Канцеларија,,,,,,,,,,,,,,,,,,,,,,,,,,,,,,,
,,,Polygon,"21.422163,42.0021611,21.422048,42.0022033,21.4219943,42.0021226,21.4221094,42.0020804,21.422163,42.0021611",way/477325827,,,,,,restaurant,yes,,Чамо,,,,,,,,Chamo,,,,,,,Čamo,,,,,,,,,,,,,,,,,,,,,,,,,,,,,,,,,,,,,,,,,,,,,,,,,,,,,,
,,,Polygon,"21.4221641,42.0021588,21.4223277,42.002085,21.4224134,42.00219,21.4222498,42.0022638,21.4221641,42.0021588",way/477325830,,,,,Ѓорѓи Пешков,restaurant,yes,,Ganza,,4,,,,,,,,,,,,Ганза,Ganza,,,,,,,,,,,,,,,,,,,,,,,,,,,,,,,,,,,,,,,,,,,,,,,,,,,,,,
,,,Polygon,"21.4194137,42.0013285,21.4193279,42.0012348,21.419551,42.0011212,21.419637,42.0012142,21.4194137,42.0013285",way/477325836,Cкoпje,,MK,1000,Дебарца,restaurant,yes,,Antica,,53,,regional,,,,,,,,,,,,,,yes,,,,,,,,,,,,,,,,,,,,,,,,,,,,,,,,,,,,,,,,,,,,,,,,,,,
,,,Polygon,"21.457926,42.0007736,21.4579497,42.0006784,21.4580945,42.0006983,21.4580708,42.0007935,21.457926,42.0007736",way/477540171,,,,,,restaurant,yes,,Кремисимо 2,,,,,,,,,,,,,,,,,,,,,,,,,,,,,,,,,,,,,Смок,,,,,,,,,,,,,,,,,,,,,,,,,,,,,,,,
,,,Polygon,"21.419637,42.0012142,21.419551,42.0011212,21.4195262,42.0010945,21.4196462,42.0010331,21.4197571,42.0011528,21.419637,42.0012142",way/482846770,,,,,,restaurant,,,,,,,,,,,,Antica,,,,,,,,,,,,,,,,,,,,,,,,,,,,,,outdoor_seating,,,,,,,,,,,,,,,,,,,,,,,,,,,,,,
,,,Polygon,"21.4064577,42.0063398,21.4064336,42.0062381,21.4065627,42.0062212,21.4065868,42.0063228,21.4064577,42.0063398",way/496423192,Cкoпje,,,1000,Булевар 8-ми Септември,restaurant,roof,,Барбакан,,18,,,,,,Barbakan,,,,,,,,,,yes,,,,,,,,,,,,,,,,,,,,,,,,,,,,,,,,,,,,,,,,,,,,,,,,,,,08:00-01:00
,,,Polygon,"21.4121984,42.0047685,21.4122052,42.0047984,21.4122224,42.0048733,21.4121339,42.0048845,21.4121245,42.0048436,21.4121099,42.0047796,21.4121984,42.0047685",way/547074226,,,,,,restaurant,yes,,4 Angeli,,,,,,,,,,,,,,,,,,,,,,,,,,,,,,,,,,,,,,,,,,,,,,,,,,,,,,,,,,,,,,,,,,,,,Mo-Sa 08:00-24:00
,,,Polygon,"21.4916935,41.9518665,21.4918651,41.9517668,21.4921699,41.9520433,21.4919548,41.9521422,21.4916935,41.9518665",way/674116575,,,,,Борис Трајковски,restaurant,yes,,Ваташа пекара,,89,,,,,,,,,,,,,,,,,,,,,,,,,,,,,,,,,,,,,,,,,,,,,,,,,,,,,,,,,,,,,,,,,,,
,,,Polygon,"21.4689023,41.9670253,21.4692641,41.96682,21.4697037,41.9670195,21.4693691,41.9672625,21.4689023,41.9670253",way/674126648,,,,,Борис Трајковски,restaurant,yes,,Везилка,,174 А,,,,,,,,,,,,,,,,,,,,,,,,,,,,,,,,,,,,,,,,,,,,,,,,,,,,,,,,,,,,,,,,,,,
,,,Polygon,"21.468949,41.967277,21.4690657,41.9671584,21.4692758,41.9672538,21.4691435,41.9673811,21.468949,41.967277",way/674126651,,,,,Борис Трајковски,restaurant,yes,,Дениција,,174 А,,,,,,,,,,,,,,,,,,,,,,,,,,,,,,,,,,,,,,,,,,,,,,,,,,,,,,,,,,,,,,,,,,,
,,,Polygon,"21.3803682,42.026038,21.3801791,42.0256694,21.3806069,42.0258298,21.3804178,42.0260469,21.3803682,42.026038",way/686912550,,,,,,restaurant,,,Krcma Zuto Kombe,,,,regional,,,,,Temov Brewery,+389 76 462374,http://www.temovbeer.com/,,,,,,,yes,outside,,,,,,,,,,,,,,,,,,,,,yes,The Yellow Kombi,,,,,,,,,,,,,,,,,,,,,,,,,,,,
,,,Polygon,"21.4098946,41.9954579,21.4098856,41.9954152,21.409823,41.9954225,21.4098146,41.9953822,21.4097237,41.9953928,21.4097073,41.9953155,21.4097964,41.9953056,21.4097918,41.9952824,21.4098529,41.9952753,21.4098475,41.9952499,21.4099945,41.9952329,21.4100061,41.9952881,21.4100869,41.9952788,21.410119,41.9954319,21.409997,41.9954461,21.4098946,41.9954579",way/829988369,,,,,,restaurant,yes,,,,,,,,,,,,,,,,,,,,,,,,,,,,,,,,,,,,,,,,,,,,,,,,,,,,,,,,,,,,,,,,,,,,,,,
,,,Polygon,"21.4850156,41.9758199,21.4852246,41.97563,21.4855513,41.9758234,21.4853206,41.9760041,21.4850156,41.9758199",way/838984538,Скопје,,,1000,Тодор Чангов 20,restaurant,yes,,Куц у Кец (Панда),,6,,regional,,,,,,,,,,,,,,,,,,,,,,,,,,,,,,,,,,,,,,,,,,,,,,,,,,,,,,,,,,,,,,,,,
41.9953933,21.4315704,,Point,,node/309894643,Скопје,,,1000,Плоштад Македонија,restaurant,,,Пелистер,,,,italian,,,,Pelister,,,https://www.pelisterhotel.com.mk/,yes,,Дал Мет Фу,Pelister,,,,,,,,,,,,,,,,,,,,,,,,,,,Toilet not accessible,,,,,,,,,,,,,,,,,,,,,,,,,,,Mo-Th 07:00-00:00; Fr-Sa 07:00-01:00; Su 10:30-00:00
41.9947432,21.4140669,,Point,,node/411006922,,,,,,restaurant,,,Интермецо,,,,,,,,,,,,,,,,,,,,,,,,,,,,,,,,,,,,,,,,,,,,,,,,,,,,,,,,,,,,,,,,,,,,,
41.9768256,21.4438183,,Point,,node/429175192,,,,,,restaurant,,,Журнал,,,,,,,,,,,,,,,,,,,,,,,,,,,,,,,,,,,,,,,,,,,,,,,,,,,,,,,,,,,,,,,,,,,,,
42.0072516,21.4871217,,Point,,node/445422613,,,,,,restaurant,,,Hunter’s Lodge “Kamnik”,,,,steak_house,,,,,,,http://www.kamnik.com.mk/,,,,,,,,,,,,,,,,,,,,,,,,,,,,,,,,,,,,,,,,,,,,,,,,,,,,,,,,,,
42.0047876,21.4307036,,Point,,node/459668143,,,,,,restaurant,,,Под Кале,,,,,,,,,,,,,,,,,,,,,,,,,,,,,,,,,,,,,,,,,,,,,,,,,,,,,,,,,,,,,,,,,,,,,
41.9943261,21.4342799,,Point,,node/459668914,,,,,,restaurant,,,Кај Џино,,,,italian,,contact@restorangino.mk,,Gino,,+389 2 3121109,http://www.restorangino.mk/,,,,,,,yes,outside,,,,,,,,,,,,,,,,,,,,,,,,1,yes,,,,,,,,,,,,,,,,,,,,,,,,,""
41.9952456,21.4350117,,Point,,node/459669063,Cкoпje,Skopje,MK,1000,Кеј 13 Ноември,restaurant,,,Плаза де Торос,,,,latin_american,,,,,,,,,Gradski Trgovski Centar Skopje,,Plaza de Toros,Kay 13th November,,,,,,,,,,,,,,,,,,,,,,,,,,,,,,,,,,,,,,,,,,,,,,,,,,,,,
42.0031464,21.3995191,,Point,,node/481098096,,,,,,restaurant,,,Енрико,,,,italian,,,,,,,,,,,,,,,,,,,,,,,,,,,,,,,,,,,,,,,,,,,,,,,,,,,,,,,,,,,,,,,,,
42.0198926,21.4349372,,Point,,node/577538782,,,,,,restaurant,,,Prince,,,,,,,,,,,,,,,,,,,,,,,,,,,,,,,,,,,,,,,,,,,,,,,,,,,,,,,,,,,,,,,,,,,,,
42.0028498,21.3926682,,Point,,node/600905655,,,,,Хелсинки,restaurant,,,Две капки,,158а,,,,,,Bosphorus Turkish Restaurant,,,,,,,,,,,,,,,,,,,,,,,,,,,,,,,,,,,,,,,,,,,,,,,,,,,,,,,,,,,,,
41.9869006,21.4368796,,Point,,node/696669231,,,,,,restaurant,,,иВ,,,,,,,,iV,,,,,,,,,,,,,,,,,,,,,,,,,,,,,,,,,,,,,,,,,,,,,,,,,,,,,,,,,,,,,
42.0003099,21.4367576,,Point,,node/908273433,,,,,,restaurant,,,Туpиcт,,,,regional,,,,Turist,,,,,,,,,,,,,,,,,,,,,,,,,,,,,,,,,,,,,,,,,,,,,,,,,,,,,,,,,,,,,
42.0064872,21.3510028,,Point,,node/1092272132,,,,,,restaurant,,,,,,,,,,,,,,,,,,,,,,,,,,,,,,,,,,,,,,,,,,,,,,,,,,,,,,,,,,,,,,,,,,,,,,,,
41.9953819,21.3274583,,Point,,node/1132688809,,,,,,restaurant,,,River Side Garden,,,,international,,,,,,+38970890606,,,,,,,,,,,,,,,,,,,,,,,,,,,,,,,,,,,restricted,,,,,,,,,,,,,,,,,,,,,,,,
41.9979155,21.4122694,,Point,,node/1371716593,,,,,Рузвелтова,restaurant,,,Топаз,,25,,,,,,,,,,,,,,,,,,,,,,,,,,,,,,,,,,,,,,,,,,,,,,,,,,,,,,,,,,,,,,,,,,,
42.000855,21.3989291,,Point,,node/1372568001,,,,,Варшавска,restaurant,,,Веки,,14,,,,,,,,,,,,,,,,,,,,,,,,,,,,,,,,,,,,,,,,,,,,,,,,,,,,,,,,,,,,,,,,,,,
42.0013936,21.4960141,,Point,,node/1377184494,,,,,,restaurant,,,Велково Меанче,,,,,,,,,,,,,,,,,,,,,,,,,,,,,,,,,,,,,,,,,,,,,,,,,,,,,,,,,,,,,,,,,,,,,
41.9841333,21.4390455,,Point,,node/1378130151,,,,,,restaurant,,,Чешма,,,,,,,,,,,,,,,,,,,,,,,,,,,,,,,,,,,,,,,,,,,,,,,,,,,,,,,,,,,,,,,,,,,,,
41.983244,21.4391421,,Point,,node/1378130158,,,,,,restaurant,,,,,,,,,,,,,,,,,,,,,,,,,,,,,,,,,,,,,,,,,,,,,,,,,,,,,,,,,,,,,,,,,,,,,,,,
41.9710708,21.4455687,,Point,,node/1378228324,,,,,,restaurant,,,Ресторан Трпеза,,,,,,,,,,,,,,,,,,,,,,,,,,,,,,,,,,,,,,,,,,,,,,,,,,,,,,,,,,,,,,,,,,,,,
41.9787578,21.4385091,,Point,,node/1378228333,,,,,,restaurant,,,Ресторан Кум,,,,,,,,,,,,,,,,,,,,,,,,,,,,,,,,,,,,,,,,,,,,,,,,,,,,,,,,,,,,,,,,,,,,,
41.9997295,21.4078483,,Point,,node/1380378665,,,,1000,Римска,restaurant,,,Рустикана,,6,,burger;regional;breakfast;grill;mediterranean;balkan;chicken;kebab,,dinamic.ksk@gmail.com,wlan,Rustikana,Saso Gligorovski Tate,+38971383382,,,,,,,,,,,,,,,,,,,,,,,,,,,,,,,,,,,,,,,,,,,,,,,,,,,,,,,,,,,Mo-Su 10:00-00:00
41.9985008,21.415982,,Point,,node/1380378702,,,,,,restaurant,,,Боеми,,,,,,,,,,,,,,,,,,,,,,,,,,,,,,,,,,,,,,,,,,,,,,,,,,,,,,,,,,,,,,,,,,,,,
42.0464013,21.3462963,,Point,,node/1475328750,,,,,,restaurant,,,Restoran Tomi,,,,regional,,,,,,,,,,,,,,,,,,,,,,,,,,,,,,,,Volkovo,,,,,,,,,,,,,,,,,,,,,,,,,,,,,,,,,
42.0455608,21.3469347,,Point,,node/1475384945,,,,,,restaurant,,,,,,,,,,,,,,,,,,,,,,,,,,,,,,,,,,,,,,,Volkovo,,,,,,,,,,,,,,,,,,,,,,,,,,,,,,,,,
42.0299906,21.3508185,,Point,,node/1475388232,,,,,,restaurant,,,Meraklii,,,,regional,,,,,,,,,,,,,,,,,,,,,,,,,,,,,,,,,,,,,,,,,,,,,,,,,,,,,,,,,,,,,,,,,
42.0069568,21.3651275,,Point,,node/1475404511,,,,,,restaurant,,,,,,,,,,,,,,,,,,,,,,,,,,,,,,,,,,,,,,,,,,,,,,,,,,,,,,,,,,,,,,,,,,,,,,,,
41.9782792,21.4820381,,Point,,node/1535266560,,,,,,restaurant,,,Ресторан Рагуза 919,,,,,,,,Restaurant Ragusa 919,,,,,,,,,,,,,,,,,,,,,,,,,,,,,,,,,,,,,,,,,,,,,,,,,,,,,,,,,,,,,
42.0035286,21.3975417,,Point,,node/1577483516,,,,,,restaurant,,,Старо Буре,,,,international,,,,,,,,,,Старо буре,Staro Bure,,,,,,,,,,,,,,,,,,,,,,,,,,,,,,,,,,,,,,,,,,,,,,,,,,,,,,
42.0065185,21.3741187,,Point,,node/1577485951,,,,,,restaurant,,,62,,,,regional,,,,,,,,,,Кај 62,At 62,,,,,,,,,,,,,,,,,,,,,,,,,,,,,,,,,,,,,,,,,,,,,,,,,,,,,,
41.9843967,21.4871492,,Point,,node/1676857177,,,,,,restaurant,,,Рибен ресторан Рибар (Одисеја),,,,fish,,,,,,,,,,,,,,,,,,,,,,,,,,,,,,,,,,,,,,,,,,,,,,,,,,,,,,,,,,,,,,,,,
42.0066455,21.3337137,,Point,,node/1734513473,,,,,,restaurant,,,,,,,,,,,,,,,,,,,,,,,,,,,,,,,,,,,,,,,,,,,,,,,,,,,,,,,,,,,,,,,,,,,,,,,,
42.0073873,21.3362989,,Point,,node/1734513478,,,,,,restaurant,,,,,,,,,,,,,,,,,,,,,,,,,,,,,,,,,,,,,,,,,,,,,,,,,,,,,,,,,,,,,,,,,,,,,,,,
42.0067805,21.3651314,,Point,,node/1734530400,,,,,,restaurant,,,,,,,,,,,,,,,,,,,,,,,,,,,,,,,,,,,,,,,,,,,,,,,,,,,,,,,,,,,,,,,,,,,,,,,,
41.9946274,21.4151525,,Point,,node/1747649203,,,,,,restaurant,,,Крчма,,,,,,,,,,,,,,,,,,,,,,,,,,,,,,,,,,,,,,,,,,,,,,,,,,,,,,,,,,,,,,,,,,,,,
41.9904847,21.4204907,,Point,,node/1748017584,Скопје,,,,,restaurant,,,Marana,,,,regional,,,,,,,,,,,,,,,,,,,,,,,,yes,,,,,,,,,,,,,,,,,,,,,,,,,,,,,,,,,,,,,,,,,
41.9947645,21.4245254,,Point,,node/1751563134,Cкoпje,Skopje,MK,,Булевар Климент Охридски,restaurant,,,Pastel Wine & Dine,,66,,international,,,wlan,Pastel Wine & Dine,,+389 2 3214447,http://pastel.mk/,yes,,,,Kliment Ohridski Boulevard,,,outside,no,yes,,yes,yes,yes,yes,,yes,,,,,,,,,,,,,,,,,,no,yes,,,,,,,,,,,,,,,,,,,,,,Mo-Fr 06:30-21:00; Sa 06:30-17:00; Su 06:30-16:00
41.9922398,21.4163482,,Point,,node/1752178268,,,,,,restaurant,,,511,,,,italian,,,,,,,,,,,,,,,,,,,,,,,,,,,,,,,,,,,,,,,,,,,,,,,,,,,,,,,,,,,,,,,,,
41.9972291,21.4086601,,Point,,node/1752186795,,,,,,restaurant,,,Акорд,,,,,,,,Acorde,,,,,,,,,,,,,,,,,,,,,,,,,,,,,,,,,,,,,,,,,,,,,,,,,,,,,,,,,,,,,
41.9987097,21.4207447,,Point,,node/1770866402,,,,1000,T.C Bunjakovec prv kat lok 36,restaurant,,,Пицерија Либертас,,,,pizza,,,,,,+38970567295,,,libertas,,,,,,,,,,,,,,,,,,,,,,,,,,,,,,,,,,,Coffee&pizza restaurant Libertas,,,,,,,,,,,,,,,,,,,,,
41.9775109,21.4456487,,Point,,node/1848409293,,,,,,restaurant,,,Ексклузив,,,,,,,,,,,,,,,,,,,,,,,,,,,,,,,,,,,,,,,,,,,,,,,,,,,,,,,,,,,,,,,,,,,,,
42.0523407,21.450695,,Point,,node/1850422186,,,,,,restaurant,,,,,,,,,,,,,,,,,,,,,,,,,,,,,,,,,,,,,,,,,,,,,,,,,,,,,,,,,,,,,,,,,,,,,,,,
42.0578588,21.4514149,,Point,,node/1850489869,,,,,,restaurant,,,Ресторан „Александар“,,,,,,,,,,,,,,,,,,,,,,,,,,,,,,,,,,,,,,,,,,,,,,,,,,,,,,,,,,,,,,,,,,,,,
42.0537503,21.4523161,,Point,,node/1850521527,,,,,,restaurant,,,Дарвик,,,,,,,,,,,,,,,,,,,,,,,,,,,,,,,,,,,,,,,,,,,,,,,,,,,,,,,,,,,,,,,,,,,,,
42.0019716,21.4647397,,Point,,node/1857486052,,,,,,restaurant,,,Тица - Елени,,,,barbecue,,,,Tica-Eleni,,,,,,,,,,,,,,,,,,,,,,,,,,,,,,,,,,,,,,,,,,,,,,,,,,,,,,,,,,,,,
42.0019424,21.4650824,,Point,,node/1860123667,,,,,,restaurant,,,,,,,barbecue,,,,,,,,,,,,,,,,,,,,,,,,,,,,,,,,,,,,,,,,,,,,,,,,,,,,,,,,,,,,,,,,,
41.9957062,21.4304595,,Point,,node/1867176020,,,,,,restaurant,,,Тренд,,,,international,,,,Trend,,,,limited,,,Trend,,,,,,,,,,,,,,,,,,,,,,,,,,,Toilet not accessible,,,,,,,,,,,,,,,,,,,,,,,,,,,
41.9987513,21.4204158,,Point,,node/1868812117,Cкoпje,,,1000,Владимир Полежановски,restaurant,,,Дестан,,,,barbecue,,,,,,+38923127324,https://destan.mk/pocetna/,,,,,,,yes,separated,,,,,,,,,,,,,,,,,,,,,,,,,,,,,,,,,,,,,,,,,,,,,,,,,,Mo-Su 09:00-23:00
42.0034064,21.3995909,,Point,,node/1868812169,,,,,,restaurant,,,Ана Кристи,,,,barbecue,,,,,,,,,,,,,,,,,,,,,,,,,,,,,,,,,,,,,,,,,,,,,,,,,,,,,,,,,,,,,,,,,
42.0017742,21.3992299,,Point,,node/1868933572,,,,,,restaurant,,,Фотка,,,,macedonian,,,,,,,,,,,,,,,,,,,,,,,,,,,,,,,,,,,,,,,,,,,,,,,,,,,,,,,,,,,,,,,,,
41.9922245,21.416522,,Point,,node/1985948203,,,,,,restaurant,,,Balila,,,,italian,,,,,,,,,,,,,,,,,,,,,,,,,,,,,,,,,,,,,,,,,,,,,,,,,,,,,,,,,,,,,,,,,
41.9913688,21.4280088,,Point,,node/1999633538,,,,,,restaurant,,,Бифиња - Рамстор,,,,,,,,Food Court Ramstore,,,,,,,,,,,,,,,,,,,,,,,,,,,,,,,,,,,,,,,,,,,,,,,,,,,,,,,,,,,,,
42.0001581,21.4252581,,Point,,node/2105387352,Скопје,Skopje,MK,,Орце Николов,restaurant,,,Бруклински,,75,,,,,,Bruklinski,,+389 2 6091844,,limited,,,Brukilnski,Orce Nikolov,,yes,separated,,,,,,,,,,,,,,,,,,,,,,,,,,,,,,,,,,,,,,,,,,,,,,,,,,
41.9953199,21.4347685,,Point,,node/2159535851,Cкoпje,Skopje,MK,1000,Кеј 13 Ноември,restaurant,,,Бела виста,,2/4,,international,,,,Bella Vista,,,www.bellavistaskopje.mk,,Gradski Trgovski Centar Skopje,,,Kay 13th November,,,,,,,,,,,,,,,,,,,,,,,,,,,,,,,,,,,,,,,,,,,,,,,,,,,,,"10:00-24:00, Fr-Sa 10:00-01:00"
41.993167,21.4080594,,Point,,node/2294320125,,,,,,restaurant,,,Два Елена,,,,,,,,Dva Elena,,,,,,,,,,,,,,,,,,,,,,,,,,,,,,,,,,,,,,,,,,,,,,,,,,,,,,,,,,,,,
41.9952825,21.4302915,,Point,,node/2322886873,,,,,,restaurant,,,Арабеска,,,,regional,,,,Arabesque,,,,,,,Arabeska,,,,,,,,,,,,,,,,,,,,,,,,,,,,,,,,,,,,,,,,,,,,,,,,,,,,,,
42.003391,21.3323916,,Point,,node/2324290153,,,,,,restaurant,,,Ореов Лад,,,,macedonian,,,,Oreov Lad,,,,,,,Oreov Lad,,,,,,,,,,,,,,,,,,,,,,,,,,,,,,,,,,,,,,,,,,,,,,,,,,,,,,
42.0131608,21.4117168,,Point,,node/2411329687,,,,,,restaurant,,,Фиш,,,,fish,,,,,,,,,,,,,,,,,,,,,,,,,,,,,,,,,,,,,,,,,,,,,,,,,,,,,,,,,,,,,,,,,
41.9650429,21.4727082,,Point,,node/2580192144,,,,,,restaurant,,,Градина,,,,,,,,Gradina,,,,,,,Gradina,,,,,,,,,,,,,,,,,,,,,,,,,,,,,,,,,,,,,,,,,,,,,,,,,,,,,,
42.0051241,21.4145137,,Point,,node/2818872887,Cкoпje,,,1000,Драган Ѓаконовски Шпато,restaurant,,,Сокаче,,,,,,,,Sokache,,,,,,,Sokače,,,,,,,,,,,,,,,,,,,,,,,,,,,,,,,,,,,,,,,,,,,,,,,,,,,,,,08:00 - 00:00
41.9914536,21.4522729,,Point,,node/2883877896,,,,,,restaurant,,,Every Day,,,,,,,,,,,,,,,,,,,,,,,,,,,,,,,,,,,,,,,,,,,,,,,,,,,,,,,,,,,,,,,,,,,,,
42.0597023,21.3236858,,Point,,node/3020876346,,,,,,restaurant,,,Старо Буре,,,,,,,,Staro Bure,,,,,,,Staro Bure,,,,,,,,,,,,,,,,,,,,,,,,,,,,,,,,,,,,,,,,,,,,,,,,,,,,,,
42.0000179,21.4366005,,Point,,node/3101726040,Cкoпje,Skopje,MK,1000,Градиште,restaurant,,,Пивница АН,,14,,regional,,pivnicaan@yahoo.com,wlan,Beerhouse AN,,+389 02 321 2111,http://pivnicaan.mk/,,Капан АН,,,Gradiste,,yes,separated,yes,yes,,,yes,yes,yes,,,,,,,,,,,,,,,,,,,,no,,,Kapan AN,,,,,,,,,,,,,,,,,,,,Mo-Sa 09:00-24:00; Su 12:00-24:00
41.9925716,21.4297981,,Point,,node/3341289789,Скопје,,,1000,Македонија,restaurant,,,Damaskino,,,,,,,,,,,,,,,,,,,,,,,,,,,,,,,,,,,,,,,,,,,,,,,,,,,,,,,,,,,,,,,,,,,,,
42.0618189,21.4510186,,Point,,node/3415004757,,,,,,restaurant,,,,,,,,,,,,,,,,,,,,,,,,,,,,,,,,,,,,,,,,,,,,,,,,,,,,,,,,,,,,,,,,,,,,,,,,
41.9917018,21.4231542,,Point,,node/3484100384,Скопје,,,,,restaurant,,,Dal Fufo - Galija,,,,,,,,,,,,,,,,,,,,,,,,,,,,,,,,,,,,,,,,,,,,,,,,,,,,,,,,,,,,,,,,,,,,,
41.9947506,21.4319604,,Point,,node/3505013893,Скопје,Skopje,MK,1000,11 Октомври,restaurant,,,Destan,,,,kebab,,,,,,,,yes,,,,11 Oktomvri,,yes,separated,,,,,,,,,,,,,,,,,,,,,,,,,,,,,,,,,,,,,,,,,,,,,,,,,,08:00-23:00
41.9950911,21.4317257,,Point,,node/3505013993,Скопје,Skopje,MK,1000,11 Октомври,restaurant,,,Ла Тераца,,2,,italian,,,,,,+389 2 3113380,,yes,,,La Terrazza,11 Oktomvri,,yes,separated,,,,,,,,,,,,,,,,,,,,,,,,,,,,,,,,,,,,,,,,,,,,,,,,,,"08:00-24:00, Fr-Sa 08:00-01:00"
42.0045421,21.3910004,,Point,,node/3506695093,,,,,,restaurant,,,Brooklyn Lounge Bar,,,,italian,,,,,,,,yes,,,,,,yes,separated,,,,,,,,,,,,,,,,,,,,,,,,0,,,,,,,,,,,,,,,,,,,,,,,,,,08:00-00:00; Fr-Sa 08:00-01:00
41.9953743,21.4099065,,Point,,node/3536179577,,,,1000,Митрополит Теодосиј Гологанов,restaurant,,,Носталгија,,,,,,,wlan,Nostalgija,,+38923060708,,,,,,,,,,,,,,,,,,,,,,,,,,,,,,,,,,,,,,,,,,,,,,,,,,,,,,,,,,,
42.0062651,21.4063144,,Point,,node/3648714485,Cкoпje,,,1000,Булевар 8-ми Септември,restaurant,,,Барбакан,,18,,,,,,Barbakan,,,,,,,,,,yes,,,,,,,,,,,,,,,,,,,,,,,,,,,,,,,,,,,,,,,,,,,,,,,,,,,08:00-01:00
41.9191256,21.4591155,,Point,,node/3751301960,,,,,,restaurant,,,Ресторан Бела,,,,regional,,,,Restaurant Bella,,,,,,,,,,,,,,,,,,,,,,,,,,,,,,,,,,,,,,,,,,,,,,,,,,,,,,,,,,,,,
41.9824716,21.4725098,,Point,,node/3830455732,,,,,,restaurant,,,Pizza Amica,,,,,,,,,,,,,,,,,,,,,,,,,,,,,,,,,,,,,,,,,,,,,,,,,,,,,,,,,,,,,,,,,,,,,
41.9922973,21.4427246,,Point,,node/3832475135,,,,,,restaurant,,,Лезет,,,,,,,,,,,,,,,,,,,,,,,,,,,,,,,,,,,,,,,,,,,,,,,,,,,,,,,,,,,,,,,,,,,,,
41.9922032,21.4422139,,Point,,node/3832475147,,,,,,restaurant,,,Кај Злате,,,,,,,,,,,,,,,,,,,,,,,,,,,,,,,,,,,,,,,,,,,,,,,,,,,,,,,,,,,,,,,,,,,,,
42.0084895,21.4010837,,Point,,node/3909066219,,,,,,restaurant,,,бед бунар,,,,,,,,,,,,,,,,,,,,,,,,,,,,,,,,,,,,,,,,,,,,,,,,,,,,,,,,,,,,,,,,,,,,,
42.0818924,21.4037096,,Point,,node/3932033588,,,,,,restaurant,,,Ribimiluss,,,,pizza,,,,,,,,,,,,,,,,,,,,,,,,,,,,,,,,,,,,,,,,,,,,,,,,,,,,,,,,,,,,,,,,,
41.9748528,21.4093282,,Point,,node/3951819586,,,,,,restaurant,,,бимекс,,,,regional,,,yes,,,,,limited,,,,,,,no,,,,,,,,,,,,,,,,,,,,,,,,,,,no,,,,,,,,,,,,,,,,,,,,,,,9:00-24:00
41.9957324,21.4301301,,Point,,node/4004645106,Cкoпje,,MK,1000,Максим Горки,restaurant,,,Пекинг Гарден,,3,,chinese,,reservation@pekinggarden.mk,,,,+389 2 3221173,www.pekinggarden.mk,,,,Peking Garden,Maksim Gorki,,,,,,,,,,,,,,,,,,,,,,,,,,,,,,,,,,,,,,,,,,,,,,,,,,,,,Mo-Sa 11:00-24:00; Su 12:00-23:00
41.9856123,21.4667276,,Point,,node/4016557277,Skopje,,MK,1000,Boulevard Jane Sandanski,restaurant,,,Campione lounge Bar,,71A,,italian,,,,,Campione,+389 70 250 261,,,,,,,,,,,,,,,,,,,,,,,,,,,,,,,,,,,,,,,,,,,,,,,,,,,,,,,,,,,Mo-Su 08:00-01:00
41.9859376,21.4661426,,Point,,node/4016557278,Skopje,,MK,1000,Boulevard Jane Sandanski,restaurant,,,DejaVu Lounge,,71A,,french,,,,,DejaVu,,,,,,,,,,,,,,,,,,,,,,,,,,,,,,,,,,,,,,,,,,,,,,,,,,,,,,,,,,,,Mo-Su 08:00-01:00
41.9871974,21.4365756,,Point,,node/4101107990,,,,,Јужен Булевар,restaurant,,,Makedonska sofra,,,,,,,wlan,,,+38978929010,,,,,,,,,,,,,,,,,,,,,,,,,,,,,,,,,,,,,,,,,,,,,,,,,,,,,,,,,,,Mo-Sa 08:00-01:00
41.9973163,21.434577,,Point,,node/4126731965,,,,,,restaurant,,,Sky ресторанот,,,,international,,,,Sky Restaurant,Hotel Stone Bridge,,,,,,,,,,,,,,,,,,,,,,,,,,,,,,,,,,,,,,,,,,,,,,,,,,,,,,,,,,,,
41.9933026,21.4300742,,Point,,node/4149490289,Скопје,,,1000,Македонија,restaurant,,,Amigos Мексиканска Кантина,,11,,mexican,,info@amigos.com.mk,,Amigos Mexican Cantina,,+389 71 230314,http://www.amigos.com.mk/,yes,,,,,,yes,outside,,,,,,,,,yes,,,,,,,,,,,,,,,,,,,,,,,,,,,,,,,,,,,,,,,,,"Mo-Th 08:00-24:00, Fr,Sa 08:00-01:00, Su 10:00-24:00"
41.9955972,21.4338587,,Point,,node/4195733217,Cкoпje,Skopje,MK,1000,Кеј 13 Ноември,restaurant,,,Соул кичен,,,,international,,,,Soul-Kitchen,Soul-Kitchen,,,,Gradski Trgovski Centar Skopje,,,Kay 13th November,,yes,outside,,,,,,,,,,,,,,,,,,,,,,,,,,,,,,,,,,,,,,,,,,,,,,,,,,"Mo-Th 08:00-24:00, Fr,Sa 08:00-01:00, Su 10:00-24:00"
42.0229923,21.4307185,,Point,,node/4239053639,,,,,,restaurant,,,Beta,,,,,,,,,,,,,,,,,,,,,,,,,,,,,,,,,,,600,,,,,,,,,,,,,,,,,,,,,,,,,,,,,,,,,,
41.9495659,21.4212497,,Point,,node/4253210327,,,,,,restaurant,,,Мулино Гарден,,,,,,,,,,,,,,,,,,,,,,,,,,,,,,,,,,,,,,,,,,,,,,,,,,,,,,,,,,,,,,,,,,,,,
41.9969599,21.4160063,,Point,,node/4275843195,,,,,,restaurant,,,Лавче,,,,,,,,,,,,,,,,,,,,,,,,,,,,,,,,,,,,,,,,,,,,,,,,,,,,,,,,,,,,,,,,,,,,,
42.0030463,21.4002154,,Point,,node/4302211290,,,,,,restaurant,,,Бабе,,,,fish,,,,,,,,,,,,,,,,,,,,,,,,,,,,,,,,,,,,,,,,,,,,,,,,,,,,,,,,,,,,,,,,,
41.9915744,21.4655483,,Point,,node/4318400296,,,,,Булевар АСНОМ,restaurant,,,Златна вилушка,,24,,,,,,,,,,,,,,,,,,,,,,,,,,,,,,,,,,,,,,,,,,,,,,,,,,,,,,,,,,,,,,,,,,,
42.0034137,21.3986642,,Point,,node/4327921318,,,,,,restaurant,,,Thong Thai,,,,thai,,,,,Thong Thai,+38971661234,,,,,,,,,outside,,,,,,,,,yes,,,,,,,,,,,,,,,,,,,,,,no,,,,,,,,,,,,,,,,,,,Sa-Su 10:00-01:00
41.9927317,21.4301208,,Point,,node/4346542839,,,,,,restaurant,,,"Lounge Bar & Restaurant ""Square 21""",,,,,,,wlan,,,,,,,,,,,,,,,,,,,,,,,,,,,,,,,,,,,,,,,,,,,,,,,,,,,,,,,,,,,,,,
41.9788465,21.4826074,,Point,,node/4355675606,,,,,,restaurant,,,Ресторан Златник,,,,,,,,,,,,,,,,,,,,,,,,,,,,,,,,,,,,,,,,,,,,,,,,,,,,,,,,,,,,,,,,,,,,,
41.9953546,21.3679919,,Point,,node/4406532855,,,,,,restaurant,,,Вила Веранда,,,,local,,,,Vila Veranda,,,,,,,,,,,outside,,,,,,,,,,,,,,,,,,,,,,,,,,,,,,,,,,,,,,,,,,,,,,,,,,
41.9883207,21.4520843,,Point,,node/4407370494,,,,,,restaurant,,,еквестријан,,,,,,,wlan,equestrian,,,,,,,,,,,,,,,,,,,,,,,,,,,,,,еквестријан,,,,,,,,,,,,,,,,,,,,,,,,,,,,,,,
41.9996618,21.4362461,,Point,,node/4436518191,,,,,,restaurant,,,Kaj Serdarot,,,,,,,,,,,,,,,,,,,,,,,,,,,,,,,,,,,,,,Kaj Cerdarot,,,,,,,,,,,,,,,,,,,,,,,,,,,,,,,
41.9996701,21.436081,,Point,,node/4436534289,,,,,,restaurant,,,Destan,,,,,,,,,,,,,,,,,,,,,,,,,,,,,,,,,,,,,,Destan,,,,,,,,,,,,,,,,,,,,,,,,,,,,,,,
41.9994953,21.4355402,,Point,,node/4436534489,,,,,,restaurant,,,Австриска палта,,,,,,,,Austrian Palace,,,,,,,,,,,,,,,,,,,,,,,,,,,,,,Austrian Palace,,,,,,,,,,,,,,,,,,,,,,,,,,,,,,,
41.9864102,21.5888229,,Point,,node/4457471314,,,,,,restaurant,,,Royal Food Zlate,,,,,,,,,,,,,,,,,,,,,,,,,,,,,,,,,,,,,,,,,,,,,,,,,,,local,,,,,,,,,,,,,,,,,,
41.9949989,21.4355402,,Point,,node/4459578969,Cкoпje,Skopje,MK,1000,Кеј 13 Ноември,restaurant,,,Амика,,,,international,,,,,,,,,Gradski Trgovski Centar Skopje,,Amica,Kay 13th November,,,,,,,,,,,,,,,,,,,,,,,,,,,1,,,,,,,,,,,,,,,,,,,,,,,,,,
42.0059792,21.427293,,Point,,node/4471884330,,,,,,restaurant,,,Four,,,,international;italian;fish,,,wlan,,Hotel Park Spa,,,,,,,,,yes,outside,,,,,,,,,,,,,,,,,,,,,,,,,,,no,,,,,,,,,,,,,,,,,,,,,,,
41.995703,21.4335119,,Point,,node/4481662566,,,,,,restaurant,,,Дион,,,,italian,,,,,,,,,,,Dion,,,,,,,,,,,,,,,,,,,,,,,,,,,,,,,,,,,,,,,,,,,,,,,,,,,,,,
42.0045887,21.3936186,,Point,,node/4491144570,Cкoпje,,,1000,Никола Русински,restaurant,,,Ресторан Буре Срна,,,,regional;international;barbecue,,,wlan,Restaurant Bure Srna,,+38923066676,https://buresrna.mk/,,,,,,,yes,outside,,,,,,,,,yes,,,,,,,,,,,,,,,,,same,,,,,,,yes,https://scontent.fskp2-1.fna.fbcdn.net/v/t1.6435-9/254432038_112012584617159_9006799328489950254_n.jpg?_nc_cat=110&ccb=1-5&_nc_sid=09cbfe&_nc_ohc=hMgZ3S6wc48AX_KXprI&_nc_ht=scontent.fskp2-1.fna&oh=42c7afe4f9d7cb3a15bb41cb20cafc03&oe=61AE29FC,yes,2000,,,,,,,,,,,,,,Mo-Su 08:00-00:00
42.0030521,21.4648097,,Point,,node/4552084306,,,,,,restaurant,,,Кај Тоше на Ќоше,,,,regional,,,,,,,,,,,,,,,,,,,,,,,,,,,,,,,,,,,,,,,,,,,,,,,,,,,,,,,,,,,,,,,,,
41.9932328,21.5078989,,Point,,node/4650542892,,,,,Париска Комуна,restaurant,,,Гостилница Софра,,,,,,,,Gostilnica Sofra,,,,,,,,,,,,,,,,,,,,,,,,,,,,,,,,,,,,,,,,,,,,,,,,,,,,,,,,,,,,,
41.9951884,21.5099084,,Point,,node/4650625589,,,,,,restaurant,,,Пицерија Кремисимо,,,,,,,,Picerija Kremisimo,,,,,,,,,,,,,,,,,,,,,,,,,,,,,,,,,,,,,,,,,,,,,,,,,,,,,,,,,,,,,
41.9978436,21.4600445,,Point,,node/4720703993,,,,1000,,restaurant,,,Dojrana Skopje,,,,,,,,,,,,,,,,,,,,,,,,,,,,,,,,,,,,,,Дојрана,,,,,,,,,,,,,,,,,,,,,,,,,,,,,,,
42.0123976,21.4451457,,Point,,node/4935294926,,,,,,restaurant,,,,,,,,,,,,,,,,,,,,,,,,,,,,,,,,,,,,,,,,,,,,,,,,,,,,,,,,,,,,,,,,,,,,,,,,
41.9913259,21.4640869,,Point,,node/4976334922,,,,,,restaurant,,,Т'га за југ,,,,,,,,T'ga za jug,,,,,,,,,,,,,,,,,,,,,,,,,,,,,,Т'га за југ,,,,,,,,,,,,,,,,,,,,,,,,,,,,,,,
41.9988648,21.4238693,,Point,,node/4982232721,,,,,,restaurant,,,,,,,,,,,BistRaw,,,,,,,,,,,,,,,,,,,,,,,,,,,,,,,,,,,,,,,,,,,,,,,,yes,,,,,,,,,,,,,Mo-Fr 12:00-20:00
42.0195979,21.4412533,,Point,,node/4990142138,,,,,Ресенска,restaurant,,,Бизнис,,1,,,,,,,,,,,,,,,,,,,,,,,,,,,,,,,,,,,,Бизнис,,,,,,,,,,,,,,,,,,,,,,,,,,,,,,,
42.0039853,21.4280925,,Point,,node/5019758021,,,,,,restaurant,,,Парк,,,,,,,,Park,,,,,,,,,,,,,,,,,,,,,,,,,,,,,,,,,,,,,,,,,,,,,,,,,,,,,,,,,,,,,
42.0005946,21.4191901,,Point,,node/5033108253,Cкoпje,,,1000,Радњанска,restaurant,,,Кантина,,4,,burger;coffee_shop;sandwich;ice_cream,,,,,,,,,,,,,,yes,outside,,,,,,,,,yes,,,,,,,100,,,,,,,,,,,,,,,,,,,,,,,,,,,,,,,,,,Monday- Satudray 09:00-24:00
42.0353232,21.404415,,Point,,node/5064700321,Визбегово,,,,Ul Качанички пат,restaurant,,,Аликас,,148,,,,,,Alikas,,,,,,,,,,,,,,,,,,,,,,,,,,,,,,Аликас,,,,,,,,,,,,,,,,,,,,,,,,,,,,,,,
41.9914306,21.4633394,,Point,,node/5072397092,,,,,,restaurant,,,Пицерија Фамилија,,,,,,,,Pizza Familija,,,,,,,,,,,,,,,,,,,,,,,,,,,,,,,,,,,,,,,,,,,,,,,,,,,,,,,,,,,,,
41.9908973,21.316191,,Point,,node/5074216083,,,,,,restaurant,,,Er & Bi,,,,,,contact@erbi.com.mk,,,,,www.erbi.com.mk,,,,,,,,,,,,,,,,,,,,,,,,,,,,,,,,,,,,,,,,,,,,,,+389 71 20 20 01,+389 71 20 20 02,,,,,,,,,,,
42.0068376,21.3328887,,Point,,node/5101621121,,,,1000,Булевар Ѓорче Петров,restaurant,,,,,,,,,,wlan,GARDEN,,+389 78 239 711,,,,,,,,,,,,,,,,,,,,,,,,,,,,,,,,,,,,,,,,,,,,,,,,,,,,,,,,,,,Mo-Su 09:00-00:00
41.9150979,21.5712443,,Point,,node/5123724239,,,,,,restaurant,,,Грин Вилиџ,,,,,,,,Green Village,,,,,,,,,,,,,,,,,,,,,,,,,,,,,,,,,,,,,,,,,,,,,,,,,,,,,,,,,,,,,Mo-Su 11:00-23:00
41.9948346,21.4277405,,Point,,node/5131832941,Cкoпje,,,1000,Даме Груев,restaurant,,,7 Скара Ресторан,,7,,grill,,info@7.mk,,7 Grill Restaurant,,+38923224000,http://7.mk/skara-restoran/,,,,,,,yes,,,,,,,,,,yes,,,,,,,,,,,,,,,,,,,,,,,,,,,,,,,,,,,,,,,,,Mo-Th 08:00-24:00; Sa 08:00-01:00
41.9899769,21.4492023,,Point,,node/5160613722,Cкoпje,,,1000,Булевар Кузман Јосифовски Питу,restaurant,,,Мезе Бар,,15,,,,,wlan,Meze Bar,,+38926121214,https://www.facebook.com/mezebarskopjanka/,,,,,,,,,,,,,,,,,,,,,,,,,,,,,,,,,,same,,,,,,,,,,,,,,,,,,,,,,,,Fr-Su 08:00-01:00; Su 08:00-17:00; Mo-Th 08:00-00:00
42.0084679,21.3678533,,Point,,node/5184727125,,,,1000,Булевар Ѓорче Петров,restaurant,,,Ubac,,2,,,,,wlan,,,+38972555005,,,,,,,,,,,,,,,,,,,,,,,,,,,,,,,,,,,,,,,,,,,,,,,,,,,,,,,,,,,
41.9916485,21.4223088,,Point,,node/5224224121,,,,1000,,restaurant,,,Gostilnica Gurman,,,,,,ristovskidac@yahoo.com,wlan,guest house Gurman,,+38923176200,,,,,,,,,,,,,,,,,,,,,,,,,,,,,,,,,,,,,,,,,,,,,,,,,,,,,,,,,,,Mo-Su 07:00-22:00
41.9868025,21.4193986,,Point,,node/5246219203,,,,,,restaurant,,,Баба Цана,,,,macedonian,,,,Baba Cana,,,,,,,,,,,,,,,,,,,,,,,,,,,,,,,,,,,,,,,,,,,,,,,,,,,,,,,,,,,,,
42.0044372,21.3931934,,Point,,node/5268700370,Cкoпje,,,1000,Никола Русински,restaurant,,,Pizza Jakomo,,15,,pizza,,,,,,+37976338668;+38978338668,http://www.pizzajakomo.com/,,,,,,,yes,,,,,,,,,,,,,,,,yes,,,,,,,,,,,,,,,,,,,,,,,,,,,,,,,,,,,
41.9913338,21.4276864,,Point,,node/5289706561,,,,,,restaurant,,,Star Ocean,,,,,,,,,,,,,,,,,,,,,,,,,,,,,,,,,,,,,,,,,,,,,,,,,,,,,,,,,,,,,,,,,,,,,
42.0005187,21.4149006,,Point,,node/5292130848,,,,,,restaurant,,,Fitness house,,,,,,,,,,,,,,,,,,,,,,,,,,,,,,,,,,,,,,,,,,,,,,,,,,,,,,,,,,,,,,,,,,,,,
41.9837709,21.4808444,,Point,,node/5467884712,,,,,,restaurant,,,Segreto Plus,,,,,,,,,,,,,,,,,,,,,,,,,,,,,,,,,,yes,,,,,,,,,,,,,,,,,,,,,,,,,,,,,,,,,,,
41.9995926,21.4366123,,Point,,node/5548809221,,,,,,restaurant,,,кај сердарот,,,,local;barbecue,,,,Kaj Serdarot,,,,,,,,,,yes,,,,,,,,,,,,,,,,,,,,,,,,,,,,,,,,,,,,,,,,,,,,,,,,,,,
41.9729164,21.4565032,,Point,,node/5561692079,,,,,,restaurant,,,Тарапана,,,,,,,,,,,,,,,,,,,,,,,,,,,,,,,,,,,,,,,,,,,,,,,,,,,,,,,,,,,,,,,,,,,,,
42.0013292,21.4205747,,Point,,node/5572053321,,,,1000,Живко Чинго,restaurant,,,Дебар Маало,,,,chicken;diner;beef_bowl;american;ice_cream;local;tea;pizza;burger;cake;pasta;french;italian_pizza;seafood;crepe;pancake;sandwich;coffee_shop;balkan;mediterranean;croatian;fish;kebab;breakfast;grill,,,wlan,Debar Maalo,,+38976219654,,,,,,,,,,,,,,,,,,,,,,,,,,,,,,,,,,,,,,,,,,,,,,yes,,,,,,,,,,,,,Su-Th 08:00-00:30; Fr-Sa 08:00-01:00
42.0023813,21.4235595,,Point,,node/5624670966,,,,1000,Булевар Илинден,restaurant,,,МЦМ Мезе Бар,,80,,balkan,,mezebarmcm@gmail.com,wlan,MCM Meze Bar,,+38970250420,,,,,,,,,,,,,,,,,,,,,,,,,,,,,,,,,,,,,,,,,,,,,,,,,,,,,,,,,,,24/7
42.0028235,21.4239655,,Point,,node/5624682355,,,,,,restaurant,,,Костарика,,,,,,,,Kostarika,,,,,,,,,,,,,,,,,,,,,,,,,,,,,,,,,,,,,,,,,,,,,,,,,,,,,,,,,,,,,
42.003366,21.4242333,,Point,,node/5624682356,,,,,,restaurant,,,Калабалак,,,,,,,,Kalabalak,,,,,,,,,,,,,,,,,,,,,,,,,,,,,Скала,,,,,,,,,,,,,,,,,,,,,,,,,,,,,,,,
42.0028813,21.4240111,,Point,,node/5624682357,,,,,,restaurant,,,Старо Скупи,,,,,,,,Staro Skupi,,,,,,,,,,,,,,,,,,,,,,,,,,,,,,,,,,,,,,,,,,,,,,,,,,,,,,,,,,,,,
42.0030128,21.4240218,,Point,,node/5624682358,,,,,,restaurant,,,Занзибар,,,,pizza,,,,Zanzibar,,,,,,,,,,,,,,,,,,,,,,,,,,,,,,,,,,,,,,,,,,,,,,,,,,,,,,,,,,,,,
42.0013712,21.4210921,,Point,,node/5626432520,,,,,,restaurant,,,Идадија,,,,,,,,Idadija,,,,,,,,,,,,,,,,,,,,,,,,,,,,,,,,,,,,,,,,,,,,,,,,,,,,,,,,,,,,,
42.001453,21.4214837,,Point,,node/5626433431,,,,,,restaurant,,,Наџак,,,,,,,,Nadzak,,,,,,,,,,,,,,,,,,,,,,,,,,,,,,,,,,,,,,,,,,,,,,,,,,,,,,,,,,,,,
42.0010941,21.4206632,,Point,,node/5626433457,,,,,,restaurant,,,Zing,,,,,,,,Fruti Di Mare,,,,,,,,,,,,,,,,,,,,,,,,,,,,,,,,,,,,,,,,,,,,,,,,,,,,,,,,,,,,,
42.0007591,21.420049,,Point,,node/5626433480,,,,,,restaurant,,,Дебар Маало,,,,,,,,Gostilnica Ilinden,,,,,,,,,,,,,,,,,,,,,,,,,,,,,,,,,,,,,,,,,,,,,,,,,,,,,,,,,,,,,
42.0014888,21.4208615,,Point,,node/5626433502,,,,,,restaurant,,,Кај Перо,,,,,,,,Kaj Pero,,,,,,,,,,,,,,,,,,,,,,,,,,,,,,,,,,,,,,,,,,,,,,,,,,,,,,,,,,,,,
41.9990664,21.4236496,,Point,,node/5692608680,,,,,,restaurant,,,Gostilnica Estel,,,,kebab,,,,,Estel,,,,,,,,,yes,,,,,,,,,,,,,,,,,,,,,,,,,,,,,,,,,,,,,,,,,,,,,,,,,,,
42.0063483,21.3740403,,Point,,node/5770427174,,,,,,restaurant,,,Aleksandrija,,,,,,,,,,,,,,,,,,,,,,,,,,,,,,,,,,,,,,,,,,,,,,,,,,,,,,,,,,,,,,,,,,,,,
41.9995917,21.4361151,,Point,,node/5789449053,,,,,,restaurant,,,СНОШТИ МИНАВ,,,,local,,,wlan,SNOSTI MINAV,,,,,,,,,,,,,,,,,,,,,,,,,,,,,,,,,,,,,,,,,,,,,,,,,,,,,,,,,,,,,
41.9392561,21.5161585,,Point,,node/5798861909,,,,,,restaurant,,,,,,,,,,,,,,,,,,,,,,,,,,,,,,,,,,,,,,,,,,,,,,,,,,,,,,,,,,,,,,,,,,,,,,,,
41.995288,21.4367281,,Point,,node/5807750050,,,,,,restaurant,,,,,,,,,,,,,,,,,,,,,,,,,,,,,,,,,,,,,,,,,,,,,,,,,,,,,,,,,,,,,,,,,,,,,,,,
42.0009079,21.4200655,,Point,,node/5813417254,,,,1000,Живко Чинго,restaurant,,,"Кафана ""Дебар Маало""",,,,savory_pancakes;german;chicken;diner;american;local;barbecue;tea;fine_dining;cake;pasta;international;french;greek;seafood;fish_and_chips;pancake;sandwich;coffee_shop;balkan;mediterranean;croatian;ramen;turkish;fish;kebab;grill,,,wlan,"Kafana ""Debar Maalo""",,+38971279660,,,,,,,,,,,,,,,,,,,,,,,,,,,,,,,,,,,,,,,,,,,,,,yes,,,,,,,,,,,,,Mo-Th 08:00-00:00; Fr-Su 08:00-01:00
42.0031615,21.4001853,,Point,,node/5840484087,,,,,,restaurant,,,Буре,,,,macedonian,,,,,,,,,,,,,,,,,,,,,,,,,,,,,,,,,,,,,,,,,,,,,,,,,,,,,,,,,,,,,,,,,
42.0002786,21.4371953,,Point,,node/6032865286,,,,,,restaurant,,,Pçela,,,,barbecue;local,,,,,,,,,,,,,,,,,,,,,,,,,,,,,,,,,,,,,,,,,,,,,,,,,,,,,,,,,,,,,,,,,
42.0021215,21.4378319,,Point,,node/6054048486,,,,,,restaurant,,,,,,,,,,,Bratstvo,,,,,,,,,,,,,,,,,,,,,,,,,,,,,,,,,,,,,,,,,,,,,,,,,,,,,,,,,,,,,
42.0037034,21.4154682,,Point,,node/6054048696,,,,,,restaurant,,,,,,,,,,,,,,,,,,,,,,,,,,,,,,,,,,,,,,,,,,,,,,,,,,,,,,,,,,,,,,,,,,,,,,,,
41.9972228,21.4228991,,Point,,node/6054048700,,,,,,restaurant,,,,,,,,,,,,,,,,,,,,,,,,,,,,,,,,,,,,,,,,,,,,,,,,,,,,,,,,,,,,,,,,,,,,,,,,
41.9995711,21.4356281,,Point,,node/6054048705,,,,,,restaurant,,,Austrian Palace,,,,german,,,,,,,,,,,,,,,,,,,,,,,,,,,,,,,,,,,,,,,,,,,,,,,,,,,,,,,,,,,,,,,,,Mo-Su 09:00-24:00
41.9946111,21.4207756,,Point,,node/6054050086,,,,,,restaurant,,,,,,,,,,,,,,,,,,,,,,,,,,,,,,,,,,,,,,,,,,,,,,,,,,,,,,,,,,,,,,,,,,,,,,,,
41.9947932,21.4135121,,Point,,node/6054050099,,,,,,restaurant,,,Воденица,,,,,,,,,,,,,,,,,,,,,,,,,,,,,,,,,,,,,,,,,,,,,,,,,,,,,,,,,,,,,,,,,,,,,
41.9986877,21.4142348,,Point,,node/6054050786,,,,,,restaurant,,,,,,,,,,,,,,,,,,,,,,,,,,,,,,,,,,,,,,,,,,,,,,,,,,,,,,,,,,,,,,,,,,,,,,,,
41.9959518,21.4199442,,Point,,node/6102488864,,,,,,restaurant,,,Restoran Frosina,,,,local,,,,,,,,,,Gostilnica Frosina,,,,,,,,,,,,,,,,,,,,,,,,,,,,,,,,,,,,,,,,,,,,,,,,,,,,,,,
41.9927293,21.4652984,,Point,,node/6145435980,,,,,,restaurant,,,,,,,,,,,,,,,,,,,,,,,,,,,,,,,,,,,,,,,,,,,,,,,,,,,,,,,,,,,,,,,,,,,,,,,,
41.9826324,21.4520444,,Point,,node/6268687385,,,,,,restaurant,,,Gala Kujna,,,,,,,,,,,,,,,,,,,,,,,,,,,,,,,,,,,,,,,,,,,,,,,,,,,,,,,,,,,,,,,,,,,,,
42.0365961,21.4462164,,Point,,node/6275187295,,,,,,restaurant,,,EZO,,,,,,,,,,,,,,,,,,,,,,,,,,,,,,,,,,,,,,,,,,,,,,,,,,,,,,,,,,,,,,,,,,,,,
42.0127048,21.4100468,,Point,,node/6278471769,,,,,,restaurant,,,Меана Б Јавор Мрзенци,,,,,,,,,,,,,,,,,,,,,,,,,,,,,,,,,,,,,,,,,,,,,,,,,,,,,,,,,,,,,,,,,,,,,
42.0277395,21.4409393,,Point,,node/6385566985,,,,,,restaurant,,,,,,,,,,,Restaurant ABC,,,,,,,,,,,,,,,,,,,,,,,,,,,,,,,,,,,,,,,,,,,,,,,,,,,,,,,,,,,,,
41.9996644,21.4362086,,Point,,node/6386335236,,,,,,restaurant,,,Kaj Гоце,,,,,,,,,,,,,,,,,,,,,,,,,,,,,,,,,,,,,,,,,,,,,,,,,,,,,,,,,,,,,,,,,,,,,
41.9856161,21.4670662,,Point,,node/6405264185,,,,1000,,restaurant,,,"Пицерија ""Дени""",,,,pizza,,,,"Pizza ""Deni""",,+38976346201,,,,,,,,,,,,,,,,,,,,,,,,,,,,,,,,,,,,,,,,,,,,,,,,,,,,,,,,,,,
42.0025666,21.4383067,,Point,,node/6514996385,,,,,,restaurant,,,,,,,,,,wlan,Kosmos,,,,,,,,,,,,,,,,,,,,,,,,,,,,,,,,,,,,,,,,,,,,,,,,,,,,,,,,,,,,,Mo-Su 07:00-22:00
41.9819646,21.4681708,,Point,,node/6586691822,,,,,,restaurant,,,La Pizza,,,,,,,,,,+38972575756,,,,,,,,,,,,,,,,,,,,,,,,,,,,,,,,,,,,,,,,,,,,,,,,,,,,,,,,,,,
41.999319,21.4360459,,Point,,node/6781335887,,,,,,restaurant,,,Kebapčilinica Rio,,,,,,,,Grill House Rio,,,,,,,,,,,,,,,,,,,,,,,,,,,,,,,,,,,,,,,,,,,,,,,,,,,,,,,,,,,,,
42.0018869,21.4383639,,Point,,node/6781337085,,,,,,restaurant,,,,,,,,,,,Gjeltoria Palas,,,,,,,,,,,,,,,,,,,,,,,,,,,,,,,,,,,,,,,,,,,,,,,,,,,,,,,,,,,,,
41.9995518,21.4131738,,Point,,node/6788977446,,,,,Франклин Рузвелт,restaurant,,,Vega,,20,,,,,,,,,,,,,,,,,,,,,,,,,,,,,,,,,,,,,,,,,,,,,,,,,,,,,,,,,,,,,,,,,,,
42.0015097,21.4381319,,Point,,node/6796436088,,,,,,restaurant,,,Сараево,,,,,,,,Saraj,,,,,,,,,,,,,,,,,,,,,,,,,,,,,,,,,,,,,,,,,,,,,,,,,,,,,,,,,,,,,Mo-Su 07:30-19:00
42.0006226,21.4364213,,Point,,node/6814231688,,,,,,restaurant,,,Tako mako,,,,,,,,,,,,,,,,,,,,,,,,,,,,,,,,,,,,,,,,,,,,,,,,,,,,,,,,,,,,,,,,,,,,,
42.0003594,21.4372514,,Point,,node/6814231700,,,,,,restaurant,,,Ohrid,,,,,,,,,,,,,,,,,,,,,,,,,,,,,,,,,,,,,,,,,,,,,,,,,,,,,,,,,,,,,,,,,,,,,
41.9969456,21.4285563,,Point,,node/6814231702,,,,,,restaurant,,,Markt kitchen,,,,,,,,,,,,,,,,,,,,,,,,,,,,,,,,,,,,,,,,,,,,,,,,,,,,,,,,,,,,,,,,,,,,,
42.0002543,21.4374652,,Point,,node/6814231793,,,,,,restaurant,,,Sac,,,,,,,,,,,,,,,,,,,,,,,,,,,,,,,,,,,,,,,,,,,,,,,,,,,,,,,,,,,,,,,,,,,,,
42.0019483,21.4224937,,Point,,node/6814236587,,,,,,restaurant,,,Skopsko,,,,,,,,,,,,,,,,,,,,,,,,,,,,,,,,,,,,,,,,,,,,,,,,,,,,,,,,,,,,,,,,,,,,,
42.002112,21.4385882,,Point,,node/6814236621,,,,,,restaurant,,,Palas,,,,,,,,,,,,,,,,,,,,,,,,,,,,,,,,,,,,,,,,,,,,,,,,,,,,,,,,,,,,,,,,,,,,,
42.0017089,21.4219242,,Point,,node/6814245589,,,,,,restaurant,,,Schpajs,,,,,,,,,,,,,,,,,,,,,,,,,,,,,,,,,,,,,,Шпајз,,,,,,,,,,,,,,,,,,,,,,,,,,,,,,,
42.0005272,21.436443,,Point,,node/6814246691,,,,,,restaurant,,,Don Giovanni,,,,,,,,,,,,,,,,,,,,,,,,,,,,,,,,,,,,,,,,,,,,,,,,,,,,,,,,,,,,,,,,,,,,,
41.9999786,21.4373399,,Point,,node/6814246724,,,,,,restaurant,,,Concept,,,,,,,,,,,,,,,,,,,,,,,,,,,,,,,,,,,,,,,,,,,,,,,,,,,,,,,,,,,,,,,,,,,,,
41.9982749,21.4283051,,Point,,node/6814246726,,,,,,restaurant,,,Море Маниа,,,,,,,,,,,,,,,,,,,,,,,,,,,,,,,,,,,,,,,,,,,,,,,,,,,,,,,,,,,,,,,,,,,,,
42.0016292,21.4382061,,Point,,node/6815434686,,,,,,restaurant,,,Plaset,,,,,,,,Restoran Saraj,,,,,,,,,,,,,,,,,,,,,,,,,,,,,,,,,,,,,,,,,,,,,,,,,,,,,,,,,,,,,Mo-Su 07:00-02:00
41.9967339,21.4229663,,Point,,node/6815434689,,,,,,restaurant,,,,,,,,,,,Toto,,,,,,,,,,,,,,,,,,,,,,,,,,,,,,,,,,,,,,,,,,,,,,,,,,,,,,,,,,,,,
41.9971719,21.4086507,,Point,,node/6815434691,,,,,,restaurant,,,Млечен Бар,,,,,,,,,,,,,,,,,,,,,,,,,,,,,,,,,,,,,,,,,,,,,,,,,,,,,,,,,,,,,,,,,,,,,
42.002027,21.4384905,,Point,,node/6815434692,,,,,,restaurant,,,,,,,,,,,Teteks,,,,,,,,,,,,,,,,,,,,,,,,,,,,,,,,,,,,,,,,,,,,,,,,,,,,,,,,,,,,,
41.9945241,21.4244578,,Point,,node/6815454785,,,,,,restaurant,,,Букет,,,,,,,,,,,,,,,,,,,,,,,,,,,,,,,,,,,,,,,,,,,,,,,,,,,,,,,,,,,,,,,,,,,,,
41.9963262,21.4243264,,Point,,node/6815918386,,,,,,restaurant,,,Mosh,,,,,,,,,,,,,,,,,,,,,,,,,,,,,,,,,,,,,,,,,,,,,,,,,,,,,,,,,,,,,,,,,,,,,
42.0026188,21.4186405,,Point,,node/6815931392,,,,,,restaurant,,,Metzka,,,,,,,,,,,,,,,,,,,,,,,,,,,,,,,,,,,,,,,,,,,,,,,,,,,,,,,,,,,,,,,,,,,,,
41.9942446,21.4243092,,Point,,node/6821158588,,,,,,restaurant,,,Davidoff,,,,,,,,,,,,,,,,,,,,,,,,,,,,,,,,,,,,,,,,,,,,,,,,,,,,,,,,,,,,,,,,,,,,,
42.0027517,21.4415279,,Point,,node/6827032731,,,,,,restaurant,,,Pizzeria Bik,,,,,,,,,,,,,,,,,,,,,,,,,,,,,,,,,,,,,,,,,,,,,,,,,,,,,,,,,,,,,,,,,,,,,
42.0011296,21.4380383,,Point,,node/6827032733,,,,,,restaurant,,,Old Balkan,,,,,,,,,,,,,,,,,,,,,,,,,,,,,,,,,,,,,,,,,,,,,,,,,,,,,,,,,,,,,,,,,,,,,
42.0025774,21.4371206,,Point,,node/6827076186,,,,,,restaurant,,,Kursumli An,,,,,,,,,,,,,,,,,,,,,,,,,,,,,,,,,,,,,,,,,,,,,,,,,,,,,,,,,,,,,,,,,,,,,
42.0030579,21.4009703,,Point,,node/7001354685,,,,,,restaurant,,,Буре лептокарија,,,,,,,,Bure Leptokarija,,,,,,,,,,,,,,,,,,,,,,,,,,,,,,,,,,,,,,,,,,,,,,,,,,,,,,,,,,,,,
41.993295,21.4352029,,Point,,node/7027229685,,,,,,restaurant,,,Ресторан Национал,,,,,,,,Restaurant National,,,,,,,,,,,,,,,,,,,,,,,,,,,,,,,,,,,,,,,,,,,,,,,,,,,,,,,,,,,,,
41.996324,21.4283137,,Point,,node/7027229686,,,,,,restaurant,,,Кај Јоле,,,,,,,,Kaj Jole,,,,,,,,,,,,,,,,,,,,,,,,,,,,,,,,,,,,,,,,,,,,,,,,,,,,,,,,,,,,,
42.0062237,21.4157772,,Point,,node/7093171485,,,,,Булевар Илинден,restaurant,,,Рок Кафана Рустикана 2.0,,,,barbecue;burger;american;breakfast;balkan,,,wlan,Rock Kafana Rustikana 2.0,,,,,,,,,,,,,,,,,,,,,,,,,,,,,,,,,,,,,,,,,,,,,,,,,,,,,,,,,,,,,Mo-Sa 10:00-24:00
42.0046693,21.4147058,,Point,,node/7130929832,Cкoпje,,,1000,Орце Николов,restaurant,,,Скадарлија,,,,international,,,,,,+38923052717,https://restoran-skadarlija-skopje.business.site/,,,,,,,yes,separated,,,,,,,,,,,,,,,no,,,,,,,,,,,,,,,,,,yes,,yes,,,,,,,,,,,,,,,
42.002807,21.331689,,Point,,node/7236691788,,,,,,restaurant,,,,,,,pizza,,,,,,,,,,,,,,,,,,,,,,,,,,,,,,,,,,,,,,,,,,,,,,,,,,,,,,,,,,,,,,,,,
41.9974684,21.4097614,,Point,,node/8094057485,Cкoпje,,,1000,Атинска,restaurant,,,Сидро,,21,,,,,,,,,,,,,,,,,,,,,,,,,,,,,,,,,,,,,,,,,,,,,,,,,,,,,,,,,,,,,,,,,,,
41.939595,21.5156883,,Point,,node/8434486650,,,,,,restaurant,,,PIZZA Bellucci,,,,pizza;italian,,,,,,+389 77 838 838,https://www.facebook.com/232325386663/posts/%D0%BF%D0%B8%D1%86%D0%B5%D1%80%D0%B8%D1%98%D0%B0-pizza-bellucci-%D0%B4%D1%80%D0%B0%D1%87%D0%B5%D0%B2%D0%BE%D0%B1%D0%B5%D1%81%D0%BF%D0%BB%D0%B0%D1%82%D0%BD%D0%B0-%D0%B4%D0%BE%D1%81%D1%82%D0%B0%D0%B2%D0%B0-%D0%B7%,,,,,,,yes,outside,,,,,yes,,yes,,yes,,,,,,,,,,,,,,,,,,,yes,,,,,yes,,,,,,,yes,yes,,,,,,,,,Mo-Sa 10:00-00:00
41.994279,21.427727,,Point,,node/8745631651,Cкoпje,,,,Даме Груев,restaurant,,,Paradise Food,,7,,,,,,,,+389 76 424 104,https://www.facebook.com/paradisefood.mk/,,,,,,,,,,,,,,,,,,,,,,,,,,,,,,,,,,,,,,,,,,,,,yes,,,,,yes,yes,,,,,,,Mo-Th 08:00-20:00; Fr 08:00-16:00; Su 08:00-20:00
42.0091204,21.3855189,,Point,,node/8807124420,,,,,,restaurant,,,Кај чичо 2,,,,,,,,,,,,,,,,,,yes,outside,,,,,,,,,yes,,,,,,,,,,,,,,,,,,,,,,,,,,yes,,,,,,,,,no,no,yes,customers,no,,Mo-Sa 09:00-24:00; Su 12:00-20:00
41.9909456,21.4408895,,Point,,node/8905635710,,,,,,restaurant,,,,,,,,,,,,,,,,,,,,,,,,,,,,,,,,,,,,,,,,,,,,,,,,,,,,,,,,,,,,,,,,,,,,,,,,
41.9866451,21.4542028,,Point,,node/8948359876,,,,,,restaurant,,,Equilibrium,,,,,,,,,,,,,,,,,,,,,,,,,,,,,,,,,,,,,,,,,,,,,,,,,,,,,,,,,,,,,,,,,,,,,
42.0006689,21.4142957,,Point,,node/9200216340,,,,,,restaurant,,,Mexican street food,,,,,,,,,,,,,,,,,,,,,,,,,,,,,,,,,,,,,,,,,,,,,,,,,,,,,,,,,,,,,,,,,,,,,
41.9970867,21.4171233,,Point,,node/9200216346,,,,,,restaurant,,,Боко,,,,burger;regional;grill;coffee_shop;balkan;kebab;pizza,,,,,,,,,,,,,,yes,yes,,,,,,,,,yes,,,,,,,,,,,,,,,,,,,,,,,,,,,,,,,,,,,,,yes,,,,
42.0053837,21.423662,,Point,,node/9265163562,,,,,,restaurant,,,Кај Вршац,,,,,,,,,,+38923117382,,,,,,,,,,,,,,,,,,,,,,,,,,,,,,,,,,,,,,,,,,,,,,,,,,,,,,,,,,,Mo-Su 09:00-24:00
41.9935483,21.5232371,,Point,,node/9663187516,,,,,,restaurant,,,Кремисимо Трибина,,,,pizza,,,,Kremissimo Tribina,,,https://cremissimo-tribina-lounge-bar.business.site/?utm_source=gmb&utm_medium=referral,,,,,,,,,,,,,,,,,,,,,,,,,,,,,,,,,,,,,,,,,,,,,,,,,,,,,,,,,,
41.993367,21.5230582,,Point,,node/9663199731,,,,,,restaurant,,,Потковица,,,,,,,,Horseshoe,,,,,,,,,,,,,,,,,,,,,,,,,,,,,,,,,,,,,,,,,,,,,,,,,,,,,,,,,,,,,
41.9952558,21.398719,,Point,,node/9969092317,,,,,,restaurant,,,Ckoncko,,,,,,,,,,,,,,,,,,,,,,,,,,,,,,,,,,,,,,,,,,,,,,,,,,,,,,,,,,,,,,,,,,,,,
41.9998586,21.4232203,,Point,,node/10147053074,,,,,,restaurant,,,Baeggel,,,,,,,,,,,,,,,,,,,,,,,,,,,,,,,,,,,,,,,,,,,,,,,,,,,,,,,,,,,,,,,,,,,,,Mo-Sa 08:00-15:00
42.0005347,21.4250341,,Point,,node/10151360411,Cкoпje,,,1000,Орце Николов,restaurant,,,Mama,,90,,french;sandwich,,,,,,,,limited,,,,,,yes,outside,,,,,,,,,yes,,,,,,,,,,,,,,,,,,,,,,,,,,,,,,,,,,,,,yes,,,yes,Mo-Fr 10:00-18:00
42.0005187,21.4371301,,Point,,node/10162039517,,,,,,restaurant,,,Medo,,,,turkish,,,wlan,,,,,,,,,,,,,,,,,,,,,,,,,,,,,,,,,,,,,,,,,,,,,,,,,,,,,,,,,,,,,,Su-Sa 08:00-22:00
